season.id,player.id,game.id,game.date,matchup,wl,min,fgm,fga,fg.pct,fg3m,fg3a,fg3.pct,ftm,fta,ft.pct,oreb,dreb,reb,ast,stl,blk,tov,pf,pts,plus.minus,video.available,win,location.home,id.team.player,id.team.opponent,id.season,season
22009,201939,0020900015,2009-10-28T00:00:00Z,GSW vs. HOU,L,36,7,12,0.583,0,1,0,0,0,0,1,1,2,7,4,0,2,2,14,7,0,FALSE,TRUE,GSW,HOU,2009-10,2010
22009,201939,0020900030,2009-10-30T00:00:00Z,GSW @ PHX,L,39,5,9,0.556,2,3,0.667,0,0,0,0,2,2,4,1,0,3,5,12,-19,0,FALSE,FALSE,GSW,PHX,2009-10,2010
22009,201939,0020900069,2009-11-04T00:00:00Z,GSW vs. MEM,W,28,3,6,0.5,1,2,0.5,0,0,0,0,5,5,9,2,0,1,4,7,-4,0,TRUE,TRUE,GSW,MEM,2009-10,2010
22009,201939,0020900082,2009-11-06T00:00:00Z,GSW vs. LAC,L,22,1,5,0.2,0,1,0,3,4,0.75,0,1,1,3,0,0,0,6,5,-13,0,FALSE,TRUE,GSW,LAC,2009-10,2010
22009,201939,0020900096,2009-11-08T00:00:00Z,GSW @ SAC,L,31,4,8,0.5,1,2,0.5,0,2,0,1,3,4,6,0,0,5,4,9,-5,0,FALSE,FALSE,GSW,SAC,2009-10,2010
22009,201939,0020900101,2009-11-09T00:00:00Z,GSW vs. MIN,W,30,2,8,0.25,1,2,0.5,3,4,0.75,0,2,2,5,1,0,2,1,8,28,0,TRUE,TRUE,GSW,MIN,2009-10,2010
22009,201939,0020900109,2009-11-11T00:00:00Z,GSW @ IND,L,21,3,7,0.429,0,2,0,0,0,0,0,1,1,4,1,0,3,2,6,-13,0,FALSE,FALSE,GSW,IND,2009-10,2010
22009,201939,0020900126,2009-11-13T00:00:00Z,GSW @ NYK,W,3,0,0,0,0,0,0,0,0,0,0,0,0,0,0,1,0,1,0,3,0,TRUE,FALSE,GSW,NYK,2009-10,2010
22009,201939,0020900141,2009-11-14T00:00:00Z,GSW @ MIL,L,26,6,9,0.667,2,2,1,0,0,0,1,3,4,2,2,1,1,5,14,2,0,FALSE,FALSE,GSW,MIL,2009-10,2010
22009,201939,0020900150,2009-11-17T00:00:00Z,GSW @ CLE,L,41,6,10,0.6,2,6,0.333,0,1,0,0,5,5,7,0,0,3,2,14,-4,0,FALSE,FALSE,GSW,CLE,2009-10,2010
22009,201939,0020900163,2009-11-18T00:00:00Z,GSW @ BOS,L,35,4,10,0.4,1,4,0.25,4,4,1,0,0,0,7,4,0,6,3,13,5,0,FALSE,FALSE,GSW,BOS,2009-10,2010
22009,201939,0020900181,2009-11-20T00:00:00Z,GSW vs. POR,W,46,3,9,0.333,2,3,0.667,4,5,0.8,0,6,6,8,1,1,1,6,12,18,0,TRUE,TRUE,GSW,POR,2009-10,2010
22009,201939,0020900204,2009-11-24T00:00:00Z,GSW @ DAL,W,35,6,12,0.5,2,4,0.5,4,4,1,1,3,4,6,3,0,4,5,18,16,0,TRUE,FALSE,GSW,DAL,2009-10,2010
22009,201939,0020900216,2009-11-25T00:00:00Z,GSW @ SAS,L,34,5,16,0.313,1,4,0.25,0,0,0,1,6,7,5,1,2,6,3,11,-7,0,FALSE,FALSE,GSW,SAS,2009-10,2010
22009,201939,0020900238,2009-11-28T00:00:00Z,GSW vs. LAL,L,36,5,15,0.333,1,5,0.2,2,2,1,1,3,4,8,0,0,1,0,13,-23,0,FALSE,TRUE,GSW,LAL,2009-10,2010
22009,201939,0020900252,2009-11-30T00:00:00Z,GSW vs. IND,W,20,2,5,0.4,1,2,0.5,2,2,1,0,2,2,4,3,0,2,2,7,-7,0,TRUE,TRUE,GSW,IND,2009-10,2010
22009,201939,0020900256,2009-12-01T00:00:00Z,GSW @ DEN,L,41,4,14,0.286,2,6,0.333,0,0,0,1,3,4,6,2,2,1,2,10,-14,0,FALSE,FALSE,GSW,DEN,2009-10,2010
22009,201939,0020900271,2009-12-03T00:00:00Z,GSW vs. HOU,L,32,4,8,0.5,1,3,0.333,2,2,1,1,4,5,2,2,1,4,3,11,-3,0,FALSE,TRUE,GSW,HOU,2009-10,2010
22009,201939,0020900289,2009-12-05T00:00:00Z,GSW vs. ORL,L,46,6,12,0.5,0,2,0,1,1,1,0,3,3,3,1,0,3,4,13,-8,0,FALSE,TRUE,GSW,ORL,2009-10,2010
22009,201939,0020900298,2009-12-07T00:00:00Z,GSW @ OKC,L,36,9,14,0.643,2,4,0.5,2,2,1,0,4,4,2,4,0,5,5,22,-17,0,FALSE,FALSE,GSW,OKC,2009-10,2010
22009,201939,0020900311,2009-12-09T00:00:00Z,GSW @ NJN,W,30,6,13,0.462,1,4,0.25,1,2,0.5,1,3,4,4,3,0,4,4,14,7,0,TRUE,FALSE,GSW,NJN,2009-10,2010
22009,201939,0020900324,2009-12-11T00:00:00Z,GSW @ CHI,L,27,3,9,0.333,0,3,0,0,0,0,0,3,3,1,1,0,0,0,6,-8,0,FALSE,FALSE,GSW,CHI,2009-10,2010
22009,201939,0020900332,2009-12-12T00:00:00Z,GSW @ DET,L,38,5,10,0.5,3,4,0.75,6,6,1,0,2,2,4,4,1,4,4,19,-11,0,FALSE,FALSE,GSW,DET,2009-10,2010
22009,201939,0020900345,2009-12-14T00:00:00Z,GSW @ PHI,L,36,5,13,0.385,1,4,0.25,3,4,0.75,0,4,4,4,4,1,4,5,14,-14,0,FALSE,FALSE,GSW,PHI,2009-10,2010
22009,201939,0020900369,2009-12-16T00:00:00Z,GSW vs. SAS,L,25,4,11,0.364,0,2,0,0,0,0,1,3,4,3,4,0,1,5,8,-12,0,FALSE,TRUE,GSW,SAS,2009-10,2010
22009,201939,0020900383,2009-12-18T00:00:00Z,GSW vs. WAS,L,46,9,17,0.529,5,9,0.556,4,4,1,1,7,8,4,3,0,2,4,27,-10,0,FALSE,TRUE,GSW,WAS,2009-10,2010
22009,201939,0020900409,2009-12-22T00:00:00Z,GSW @ MEM,L,41,6,15,0.4,2,6,0.333,0,0,0,1,6,7,8,0,0,4,2,14,-3,0,FALSE,FALSE,GSW,MEM,2009-10,2010
22009,201939,0020900419,2009-12-23T00:00:00Z,GSW @ NOH,L,47,6,13,0.462,3,5,0.6,2,2,1,0,10,10,7,2,0,2,5,17,-1,0,FALSE,FALSE,GSW,NOH,2009-10,2010
22009,201939,0020900438,2009-12-26T00:00:00Z,GSW vs. PHX,W,27,4,10,0.4,3,4,0.75,2,2,1,1,2,3,4,3,0,1,4,13,6,0,TRUE,TRUE,GSW,PHX,2009-10,2010
22009,201939,0020900451,2009-12-28T00:00:00Z,GSW vs. BOS,W,11,0,4,0,0,1,0,0,1,0,0,2,2,0,1,0,1,3,0,-16,0,TRUE,TRUE,GSW,BOS,2009-10,2010
22009,201939,0020900458,2009-12-29T00:00:00Z,GSW @ LAL,L,23,6,10,0.6,0,1,0,3,3,1,1,2,3,3,0,0,4,3,15,-7,0,FALSE,FALSE,GSW,LAL,2009-10,2010
22009,201939,0020900487,2010-01-02T00:00:00Z,GSW @ POR,L,29,4,10,0.4,1,2,0.5,0,0,0,0,1,1,1,1,0,3,4,9,-6,0,FALSE,FALSE,GSW,POR,2009-10,2010
22009,201939,0020900503,2010-01-05T00:00:00Z,GSW @ DEN,L,40,10,13,0.769,6,6,1,0,0,0,0,5,5,6,3,0,2,3,26,-1,0,FALSE,FALSE,GSW,DEN,2009-10,2010
22009,201939,0020900511,2010-01-06T00:00:00Z,GSW @ MIN,W,30,7,11,0.636,0,2,0,2,2,1,0,1,1,4,2,0,1,6,16,11,0,TRUE,FALSE,GSW,MIN,2009-10,2010
22009,201939,0020900529,2010-01-08T00:00:00Z,GSW vs. SAC,W,34,5,10,0.5,1,2,0.5,1,2,0.5,0,3,3,4,1,0,2,3,12,5,0,TRUE,TRUE,GSW,SAC,2009-10,2010
22009,201939,0020900552,2010-01-11T00:00:00Z,GSW vs. CLE,L,36,8,15,0.533,1,2,0.5,4,5,0.8,0,7,7,5,1,1,2,4,21,1,0,FALSE,TRUE,GSW,CLE,2009-10,2010
22009,201939,0020900568,2010-01-13T00:00:00Z,GSW vs. MIA,L,33,3,10,0.3,3,5,0.6,0,0,0,1,3,4,4,0,0,4,1,9,-12,0,FALSE,TRUE,GSW,MIA,2009-10,2010
22009,201939,0020900581,2010-01-15T00:00:00Z,GSW vs. MIL,L,48,7,17,0.412,1,4,0.25,3,3,1,0,6,6,4,6,1,4,6,18,-9,0,FALSE,TRUE,GSW,MIL,2009-10,2010
22009,201939,0020900602,2010-01-18T00:00:00Z,GSW vs. CHI,W,43,9,18,0.5,5,8,0.625,3,3,1,2,8,10,6,1,1,5,4,26,21,0,TRUE,TRUE,GSW,CHI,2009-10,2010
22009,201939,0020900619,2010-01-20T00:00:00Z,GSW vs. DEN,L,49,6,17,0.353,3,8,0.375,0,0,0,0,3,3,6,1,0,3,2,15,-2,0,FALSE,TRUE,GSW,DEN,2009-10,2010
22009,201939,0020900634,2010-01-22T00:00:00Z,GSW vs. NJN,W,48,11,21,0.524,3,7,0.429,7,8,0.875,0,2,2,7,4,0,2,4,32,32,0,TRUE,TRUE,GSW,NJN,2009-10,2010
22009,201939,0020900644,2010-01-23T00:00:00Z,GSW @ PHX,L,40,10,25,0.4,4,9,0.444,1,1,1,0,5,5,2,0,0,1,4,25,-10,0,FALSE,FALSE,GSW,PHX,2009-10,2010
22009,201939,0020900662,2010-01-26T00:00:00Z,GSW @ SAC,L,45,10,22,0.455,3,10,0.3,4,5,0.8,1,8,9,6,3,0,1,3,27,9,0,FALSE,FALSE,GSW,SAC,2009-10,2010
22009,201939,0020900673,2010-01-27T00:00:00Z,GSW vs. NOH,L,41,7,13,0.538,1,3,0.333,0,0,0,0,5,5,8,3,0,5,4,15,-5,0,FALSE,TRUE,GSW,NOH,2009-10,2010
22009,201939,0020900688,2010-01-29T00:00:00Z,GSW vs. CHA,L,41,8,15,0.533,2,4,0.5,4,4,1,0,1,1,9,3,0,1,3,22,0,0,FALSE,TRUE,GSW,CHA,2009-10,2010
22009,201939,0020900703,2010-01-31T00:00:00Z,GSW @ OKC,L,36,4,10,0.4,2,2,1,4,4,1,2,2,4,5,1,0,5,2,14,-18,0,FALSE,FALSE,GSW,OKC,2009-10,2010
22009,201939,0020900717,2010-02-02T00:00:00Z,GSW @ HOU,L,30,6,18,0.333,2,5,0.4,0,0,0,1,1,2,4,1,0,0,1,14,-22,0,FALSE,FALSE,GSW,HOU,2009-10,2010
22009,201939,0020900724,2010-02-03T00:00:00Z,GSW @ DAL,L,27,1,6,0.167,0,2,0,4,4,1,0,0,0,3,0,0,3,2,6,-8,0,FALSE,FALSE,GSW,DAL,2009-10,2010
22009,201939,0020900751,2010-02-06T00:00:00Z,GSW vs. OKC,L,27,9,15,0.6,3,7,0.429,2,3,0.667,0,1,1,4,2,0,3,3,23,2,0,FALSE,TRUE,GSW,OKC,2009-10,2010
22009,201939,0020900756,2010-02-08T00:00:00Z,GSW vs. DAL,L,48,9,20,0.45,1,5,0.2,6,6,1,0,2,2,9,2,0,3,4,25,-10,0,FALSE,TRUE,GSW,DAL,2009-10,2010
22009,201939,0020900778,2010-02-10T00:00:00Z,GSW vs. LAC,W,46,11,22,0.5,7,11,0.636,7,8,0.875,0,10,10,13,3,0,6,4,36,35,0,TRUE,TRUE,GSW,LAC,2009-10,2010
22009,201939,0020900790,2010-02-16T00:00:00Z,GSW @ LAL,L,44,5,21,0.238,1,10,0.1,0,0,0,0,10,10,8,1,0,4,5,11,-4,0,FALSE,FALSE,GSW,LAL,2009-10,2010
22009,201939,0020900800,2010-02-17T00:00:00Z,GSW vs. SAC,W,40,10,15,0.667,1,4,0.25,3,3,1,1,5,6,15,3,0,3,2,24,36,0,TRUE,TRUE,GSW,SAC,2009-10,2010
22009,201939,0020900814,2010-02-19T00:00:00Z,GSW vs. UTA,L,39,4,9,0.444,3,6,0.5,2,2,1,1,5,6,7,3,0,10,1,13,0,0,FALSE,TRUE,GSW,UTA,2009-10,2010
22009,201939,0020900829,2010-02-21T00:00:00Z,GSW vs. ATL,W,45,13,18,0.722,1,3,0.333,5,5,1,2,7,9,3,1,0,5,3,32,5,0,TRUE,TRUE,GSW,ATL,2009-10,2010
22009,201939,0020900844,2010-02-23T00:00:00Z,GSW vs. PHI,L,38,8,22,0.364,1,8,0.125,0,1,0,1,5,6,5,0,0,2,2,17,-17,0,FALSE,TRUE,GSW,PHI,2009-10,2010
22009,201939,0020900858,2010-02-25T00:00:00Z,GSW vs. DEN,L,42,11,19,0.579,2,5,0.4,6,6,1,1,6,7,13,2,1,2,1,30,-24,0,FALSE,TRUE,GSW,DEN,2009-10,2010
22009,201939,0020900877,2010-02-27T00:00:00Z,GSW vs. DET,W,48,11,25,0.44,3,6,0.5,2,3,0.667,1,4,5,4,1,0,5,4,27,7,0,TRUE,TRUE,GSW,DET,2009-10,2010
22009,201939,0020900896,2010-03-02T00:00:00Z,GSW @ MIA,L,43,7,17,0.412,3,8,0.375,1,1,1,0,2,2,8,2,0,3,5,18,1,0,FALSE,FALSE,GSW,MIA,2009-10,2010
22009,201939,0020900900,2010-03-03T00:00:00Z,GSW @ ORL,L,32,3,12,0.25,1,2,0.5,2,2,1,0,3,3,7,2,0,5,2,9,-25,0,FALSE,FALSE,GSW,ORL,2009-10,2010
22009,201939,0020900919,2010-03-05T00:00:00Z,GSW @ ATL,L,48,11,19,0.579,5,9,0.556,4,4,1,1,4,5,11,2,0,7,1,31,-5,0,FALSE,FALSE,GSW,ATL,2009-10,2010
22009,201939,0020900925,2010-03-06T00:00:00Z,GSW @ CHA,L,48,8,23,0.348,4,8,0.5,5,6,0.833,2,3,5,4,0,0,3,1,25,-11,0,FALSE,FALSE,GSW,CHA,2009-10,2010
22009,201939,0020900944,2010-03-08T00:00:00Z,GSW @ NOH,L,34,5,13,0.385,2,4,0.5,0,0,0,0,3,3,6,1,0,4,2,12,-14,0,FALSE,FALSE,GSW,NOH,2009-10,2010
22009,201939,0020900963,2010-03-11T00:00:00Z,GSW vs. POR,L,33,6,15,0.4,2,7,0.286,1,1,1,2,3,5,3,2,0,4,5,15,-10,0,FALSE,TRUE,GSW,POR,2009-10,2010
22009,201939,0020900982,2010-03-13T00:00:00Z,GSW vs. TOR,W,42,13,21,0.619,5,8,0.625,4,4,1,2,4,6,10,4,1,2,1,35,6,0,TRUE,TRUE,GSW,TOR,2009-10,2010
22009,201939,0020900995,2010-03-15T00:00:00Z,GSW vs. LAL,L,34,11,19,0.579,5,9,0.556,2,2,1,0,5,5,9,1,0,0,4,29,-8,0,FALSE,TRUE,GSW,LAL,2009-10,2010
22009,201939,0020901032,2010-03-20T00:00:00Z,GSW @ MEM,L,25,4,10,0.4,1,3,0.333,0,0,0,0,4,4,6,0,1,2,2,9,-4,0,FALSE,FALSE,GSW,MEM,2009-10,2010
22009,201939,0020901052,2010-03-22T00:00:00Z,GSW vs. PHX,L,34,6,15,0.4,2,5,0.4,0,0,0,1,3,4,8,4,0,1,4,14,-8,0,FALSE,TRUE,GSW,PHX,2009-10,2010
22009,201939,0020901067,2010-03-24T00:00:00Z,GSW vs. MEM,W,40,12,19,0.632,4,6,0.667,2,2,1,1,4,5,11,4,0,7,3,30,27,0,TRUE,TRUE,GSW,MEM,2009-10,2010
22009,201939,0020901086,2010-03-27T00:00:00Z,GSW vs. DAL,L,37,6,16,0.375,3,5,0.6,2,2,1,0,7,7,6,2,0,7,1,17,-5,0,FALSE,TRUE,GSW,DAL,2009-10,2010
22009,201939,0020901096,2010-03-28T00:00:00Z,GSW @ LAC,W,40,8,15,0.533,2,2,1,0,0,0,1,3,4,7,1,0,3,5,18,17,0,TRUE,FALSE,GSW,LAC,2009-10,2010
22009,201939,0020901119,2010-03-31T00:00:00Z,GSW @ UTA,L,34,6,16,0.375,1,4,0.25,2,3,0.667,1,1,2,6,0,0,4,5,15,-14,0,FALSE,FALSE,GSW,UTA,2009-10,2010
22009,201939,0020901130,2010-04-02T00:00:00Z,GSW vs. NYK,W,29,7,21,0.333,1,5,0.2,0,0,0,1,3,4,10,1,0,2,1,15,-4,0,TRUE,TRUE,GSW,NYK,2009-10,2010
22009,201939,0020901145,2010-04-04T00:00:00Z,GSW @ TOR,W,44,10,23,0.435,5,11,0.455,4,6,0.667,1,7,8,12,3,2,5,4,29,5,0,TRUE,FALSE,GSW,TOR,2009-10,2010
22009,201939,0020901152,2010-04-06T00:00:00Z,GSW @ WAS,L,33,10,21,0.476,3,6,0.5,4,4,1,0,1,1,4,2,0,2,2,27,-21,0,FALSE,FALSE,GSW,WAS,2009-10,2010
22009,201939,0020901163,2010-04-07T00:00:00Z,GSW @ MIN,W,44,12,22,0.545,3,5,0.6,0,0,0,2,6,8,14,7,0,4,4,27,5,0,TRUE,FALSE,GSW,MIN,2009-10,2010
22009,201939,0020901194,2010-04-10T00:00:00Z,GSW @ LAC,L,41,10,19,0.526,5,10,0.5,4,4,1,0,9,9,4,3,0,3,5,29,0,0,FALSE,FALSE,GSW,LAC,2009-10,2010
22009,201939,0020901200,2010-04-11T00:00:00Z,GSW vs. OKC,W,35,9,16,0.563,3,6,0.5,4,6,0.667,1,6,7,7,1,0,4,2,25,3,0,TRUE,TRUE,GSW,OKC,2009-10,2010
22009,201939,0020901214,2010-04-13T00:00:00Z,GSW vs. UTA,L,41,5,15,0.333,1,4,0.25,6,6,1,1,4,5,6,2,0,2,4,17,-14,0,FALSE,TRUE,GSW,UTA,2009-10,2010
22009,201939,0020901229,2010-04-14T00:00:00Z,GSW @ POR,W,48,13,25,0.52,4,6,0.667,12,12,1,3,6,9,8,2,1,2,0,42,6,0,TRUE,FALSE,GSW,POR,2009-10,2010
22010,201939,0021000015,2010-10-27T00:00:00Z,GSW vs. HOU,W,39,9,16,0.563,3,6,0.5,4,4,1,1,1,2,11,0,1,5,4,25,4,0,TRUE,TRUE,GSW,HOU,2010-11,2011
22010,201939,0021000029,2010-10-29T00:00:00Z,GSW vs. LAC,W,27,7,9,0.778,1,3,0.333,1,3,0.333,0,2,2,6,2,0,2,2,16,17,0,TRUE,TRUE,GSW,LAC,2010-11,2011
22010,201939,0021000078,2010-11-05T00:00:00Z,GSW vs. UTA,W,33,7,17,0.412,1,4,0.25,5,5,1,0,1,1,6,2,0,5,5,20,8,0,TRUE,TRUE,GSW,UTA,2010-11,2011
22010,201939,0021000091,2010-11-07T00:00:00Z,GSW @ DET,L,29,3,12,0.25,0,3,0,4,4,1,1,3,4,6,2,0,2,4,10,-3,0,FALSE,FALSE,GSW,DET,2010-11,2011
22010,201939,0021000097,2010-11-08T00:00:00Z,GSW @ TOR,W,36,12,21,0.571,2,4,0.5,8,8,1,2,3,5,4,3,0,5,2,34,13,0,TRUE,FALSE,GSW,TOR,2010-11,2011
22010,201939,0021000113,2010-11-10T00:00:00Z,GSW @ NYK,W,45,11,20,0.55,1,1,1,2,3,0.667,0,6,6,8,2,1,2,4,25,6,0,TRUE,FALSE,GSW,NYK,2010-11,2011
22010,201939,0021000119,2010-11-11T00:00:00Z,GSW @ CHI,L,31,7,18,0.389,2,5,0.4,1,2,0.5,0,3,3,6,5,0,5,2,17,-13,0,FALSE,FALSE,GSW,CHI,2010-11,2011
22010,201939,0021000137,2010-11-13T00:00:00Z,GSW @ MIL,L,30,3,14,0.214,0,3,0,1,2,0.5,1,1,2,4,3,1,2,5,7,-12,0,FALSE,FALSE,GSW,MIL,2010-11,2011
22010,201939,0021000149,2010-11-15T00:00:00Z,GSW vs. DET,W,30,7,14,0.5,2,3,0.667,5,5,1,0,5,5,4,2,0,3,6,21,15,0,TRUE,TRUE,GSW,DET,2010-11,2011
22010,201939,0021000181,2010-11-19T00:00:00Z,GSW vs. NYK,L,42,9,21,0.429,3,6,0.5,8,9,0.889,0,5,5,8,1,0,4,4,29,-3,0,FALSE,TRUE,GSW,NYK,2010-11,2011
22010,201939,0021000194,2010-11-21T00:00:00Z,GSW @ LAL,L,24,5,10,0.5,1,3,0.333,2,2,1,0,3,3,2,1,2,0,3,13,-26,0,FALSE,FALSE,GSW,LAL,2010-11,2011
22010,201939,0021000201,2010-11-22T00:00:00Z,GSW vs. DEN,L,41,8,21,0.381,1,6,0.167,0,0,0,1,6,7,5,3,0,2,3,17,-19,0,FALSE,TRUE,GSW,DEN,2010-11,2011
22010,201939,0021000217,2010-11-24T00:00:00Z,GSW @ HOU,L,36,8,19,0.421,0,2,0,5,5,1,0,4,4,6,4,0,1,6,21,-11,0,FALSE,FALSE,GSW,HOU,2010-11,2011
22010,201939,0021000232,2010-11-26T00:00:00Z,GSW @ MEM,L,30,8,13,0.615,4,5,0.8,6,6,1,0,2,2,4,1,0,3,5,26,-1,0,FALSE,FALSE,GSW,MEM,2010-11,2011
22010,201939,0021000238,2010-11-27T00:00:00Z,GSW @ MIN,W,28,6,10,0.6,2,3,0.667,6,7,0.857,0,3,3,7,3,0,1,5,20,16,0,TRUE,FALSE,GSW,MIN,2010-11,2011
22010,201939,0021000260,2010-11-30T00:00:00Z,GSW vs. SAS,L,40,13,22,0.591,3,6,0.5,3,3,1,1,2,3,5,1,1,5,2,32,-14,0,FALSE,TRUE,GSW,SAS,2010-11,2011
22010,201939,0021000274,2010-12-02T00:00:00Z,GSW vs. PHX,L,34,4,10,0.4,1,3,0.333,0,0,0,1,0,1,7,4,0,4,4,9,-6,0,FALSE,TRUE,GSW,PHX,2010-11,2011
22010,201939,0021000297,2010-12-05T00:00:00Z,GSW @ OKC,L,46,14,20,0.7,4,7,0.571,7,7,1,0,1,1,6,2,1,5,5,39,-9,0,FALSE,FALSE,GSW,OKC,2010-11,2011
22010,201939,0021000312,2010-12-07T00:00:00Z,GSW @ DAL,L,42,8,16,0.5,3,5,0.6,2,2,1,1,5,6,4,2,0,6,2,21,-2,0,FALSE,FALSE,GSW,DAL,2010-11,2011
22010,201939,0021000322,2010-12-08T00:00:00Z,GSW @ SAS,L,11,0,2,0,0,0,0,0,0,0,0,1,1,3,0,0,2,2,0,-15,0,FALSE,FALSE,GSW,SAS,2010-11,2011
22010,201939,0021000437,2010-12-25T00:00:00Z,GSW vs. POR,W,29,2,15,0.133,0,5,0,0,0,0,1,3,4,11,0,0,2,2,4,7,0,TRUE,TRUE,GSW,POR,2010-11,2011
22010,201939,0021000454,2010-12-27T00:00:00Z,GSW vs. PHI,W,28,5,13,0.385,4,6,0.667,3,3,1,0,5,5,8,1,0,2,5,17,18,0,TRUE,TRUE,GSW,PHI,2010-11,2011
22010,201939,0021000462,2010-12-29T00:00:00Z,GSW @ ATL,L,29,4,13,0.308,0,3,0,1,1,1,1,4,5,12,0,0,3,2,9,-1,0,FALSE,FALSE,GSW,ATL,2010-11,2011
22010,201939,0021000477,2010-12-31T00:00:00Z,GSW @ CHA,W,36,10,17,0.588,4,5,0.8,0,0,0,0,1,1,3,1,0,3,3,24,6,0,TRUE,FALSE,GSW,CHA,2010-11,2011
22010,201939,0021000486,2011-01-01T00:00:00Z,GSW @ MIA,L,36,7,12,0.583,1,2,0.5,0,0,0,1,1,2,6,3,0,1,5,15,-12,0,FALSE,FALSE,GSW,MIA,2010-11,2011
22010,201939,0021000500,2011-01-03T00:00:00Z,GSW @ ORL,L,35,5,13,0.385,3,6,0.5,2,2,1,0,6,6,5,2,0,5,3,15,-13,0,FALSE,FALSE,GSW,ORL,2010-11,2011
22010,201939,0021000518,2011-01-05T00:00:00Z,GSW @ NOH,W,40,6,11,0.545,1,3,0.333,8,8,1,1,2,3,5,4,0,2,3,21,8,0,TRUE,FALSE,GSW,NOH,2010-11,2011
22010,201939,0021000534,2011-01-07T00:00:00Z,GSW vs. CLE,W,25,4,7,0.571,3,4,0.75,4,4,1,0,2,2,4,2,1,0,2,15,15,0,TRUE,TRUE,GSW,CLE,2010-11,2011
22010,201939,0021000545,2011-01-09T00:00:00Z,GSW @ LAC,L,26,2,13,0.154,0,6,0,4,5,0.8,0,5,5,4,1,0,2,4,8,-13,0,FALSE,FALSE,GSW,LAC,2010-11,2011
22010,201939,0021000571,2011-01-12T00:00:00Z,GSW vs. LAL,L,38,5,12,0.417,1,6,0.167,4,4,1,1,3,4,10,2,0,3,3,15,2,0,FALSE,TRUE,GSW,LAL,2010-11,2011
22010,201939,0021000585,2011-01-14T00:00:00Z,GSW vs. LAC,W,27,7,15,0.467,5,7,0.714,4,4,1,1,3,4,4,1,0,2,2,23,9,0,TRUE,TRUE,GSW,LAC,2010-11,2011
22010,201939,0021000607,2011-01-17T00:00:00Z,GSW vs. NJN,W,23,4,10,0.4,2,5,0.4,3,4,0.75,0,2,2,6,0,1,2,4,13,11,0,TRUE,TRUE,GSW,NJN,2010-11,2011
22010,201939,0021000624,2011-01-19T00:00:00Z,GSW vs. IND,W,33,4,10,0.4,0,3,0,3,3,1,0,4,4,8,2,0,1,1,11,17,0,TRUE,TRUE,GSW,IND,2010-11,2011
22010,201939,0021000638,2011-01-21T00:00:00Z,GSW vs. SAC,W,44,12,21,0.571,3,7,0.429,7,7,1,1,2,3,3,4,0,4,2,34,9,0,TRUE,TRUE,GSW,SAC,2010-11,2011
22010,201939,0021000651,2011-01-22T00:00:00Z,GSW @ LAC,L,41,12,23,0.522,3,9,0.333,5,5,1,2,4,6,8,1,1,2,5,32,9,0,FALSE,FALSE,GSW,LAC,2010-11,2011
22010,201939,0021000662,2011-01-24T00:00:00Z,GSW vs. SAS,L,36,6,15,0.4,2,5,0.4,0,0,0,1,5,6,5,0,1,4,4,14,-4,0,FALSE,TRUE,GSW,SAS,2010-11,2011
22010,201939,0021000677,2011-01-26T00:00:00Z,GSW vs. NOH,L,39,8,13,0.615,1,3,0.333,3,3,1,0,3,3,6,2,0,5,1,20,-4,0,FALSE,TRUE,GSW,NOH,2010-11,2011
22010,201939,0021000691,2011-01-28T00:00:00Z,GSW vs. CHA,L,43,8,12,0.667,4,5,0.8,7,7,1,0,3,3,5,2,0,3,5,27,-3,0,FALSE,TRUE,GSW,CHA,2010-11,2011
22010,201939,0021000707,2011-01-30T00:00:00Z,GSW vs. UTA,W,35,10,18,0.556,3,8,0.375,4,4,1,1,5,6,7,2,1,2,2,27,13,0,TRUE,TRUE,GSW,UTA,2010-11,2011
22010,201939,0021000731,2011-02-03T00:00:00Z,GSW vs. MIL,W,34,6,11,0.545,2,4,0.5,2,2,1,1,4,5,5,1,1,7,2,16,4,0,TRUE,TRUE,GSW,MIL,2010-11,2011
22010,201939,0021000753,2011-02-05T00:00:00Z,GSW vs. CHI,W,44,9,15,0.6,2,4,0.5,3,3,1,1,5,6,8,1,0,2,1,23,14,0,TRUE,TRUE,GSW,CHI,2010-11,2011
22010,201939,0021000765,2011-02-07T00:00:00Z,GSW vs. PHX,L,44,7,17,0.412,0,6,0,1,1,1,0,2,2,8,1,0,5,1,15,-12,0,FALSE,TRUE,GSW,PHX,2010-11,2011
22010,201939,0021000782,2011-02-09T00:00:00Z,GSW vs. DEN,W,29,5,9,0.556,1,3,0.333,2,2,1,0,1,1,2,0,0,3,4,13,-2,0,TRUE,TRUE,GSW,DEN,2010-11,2011
22010,201939,0021000784,2011-02-10T00:00:00Z,GSW @ PHX,L,25,5,9,0.556,2,3,0.667,0,0,0,0,2,2,2,1,0,4,0,12,-26,0,FALSE,FALSE,GSW,PHX,2010-11,2011
22010,201939,0021000811,2011-02-13T00:00:00Z,GSW vs. OKC,W,38,10,18,0.556,2,5,0.4,1,1,1,0,2,2,13,2,0,0,2,23,17,0,TRUE,TRUE,GSW,OKC,2010-11,2011
22010,201939,0021000823,2011-02-15T00:00:00Z,GSW vs. NOH,W,24,5,5,1,3,3,1,1,1,1,0,0,0,8,1,0,3,3,14,13,0,TRUE,TRUE,GSW,NOH,2010-11,2011
22010,201939,0021000834,2011-02-16T00:00:00Z,GSW @ UTA,W,21,1,7,0.143,0,3,0,2,2,1,0,0,0,4,2,0,1,5,4,-6,0,TRUE,FALSE,GSW,UTA,2010-11,2011
22010,201939,0021000845,2011-02-22T00:00:00Z,GSW vs. BOS,L,30,7,10,0.7,1,2,0.5,3,5,0.6,0,4,4,2,1,0,5,4,18,-15,0,FALSE,TRUE,GSW,BOS,2010-11,2011
22010,201939,0021000870,2011-02-25T00:00:00Z,GSW vs. ATL,L,30,2,7,0.286,0,2,0,3,3,1,1,1,2,5,0,0,3,1,7,-27,0,FALSE,TRUE,GSW,ATL,2010-11,2011
22010,201939,0021000882,2011-02-27T00:00:00Z,GSW @ MIN,L,45,13,21,0.619,5,7,0.714,2,2,1,1,10,11,2,2,0,2,1,33,4,0,FALSE,FALSE,GSW,MIN,2010-11,2011
22010,201939,0021000894,2011-03-01T00:00:00Z,GSW @ IND,L,35,7,17,0.412,4,8,0.5,2,2,1,1,5,6,7,0,1,5,5,20,-19,0,FALSE,FALSE,GSW,IND,2010-11,2011
22010,201939,0021000904,2011-03-02T00:00:00Z,GSW @ WAS,W,37,9,18,0.5,3,7,0.429,8,9,0.889,2,7,9,5,1,0,3,2,29,-8,0,TRUE,FALSE,GSW,WAS,2010-11,2011
22010,201939,0021000918,2011-03-04T00:00:00Z,GSW @ BOS,L,32,4,11,0.364,1,4,0.25,0,0,0,2,1,3,5,0,0,4,3,9,-8,0,FALSE,FALSE,GSW,BOS,2010-11,2011
22010,201939,0021000935,2011-03-06T00:00:00Z,GSW @ PHI,L,35,8,16,0.5,1,3,0.333,5,5,1,0,1,1,7,0,2,4,3,22,6,0,FALSE,FALSE,GSW,PHI,2010-11,2011
22010,201939,0021000948,2011-03-08T00:00:00Z,GSW @ CLE,W,39,10,18,0.556,2,5,0.4,1,1,1,4,3,7,6,2,1,3,3,23,20,0,TRUE,FALSE,GSW,CLE,2010-11,2011
22010,201939,0021000954,2011-03-09T00:00:00Z,GSW @ NJN,L,30,6,15,0.4,2,4,0.5,1,1,1,0,3,3,3,2,0,3,3,15,-13,0,FALSE,FALSE,GSW,NJN,2010-11,2011
22010,201939,0021000975,2011-03-11T00:00:00Z,GSW vs. ORL,W,40,8,19,0.421,4,10,0.4,2,2,1,0,4,4,12,3,0,5,4,22,1,0,TRUE,TRUE,GSW,ORL,2010-11,2011
22010,201939,0021000990,2011-03-13T00:00:00Z,GSW vs. MIN,W,38,8,15,0.533,4,6,0.667,4,4,1,1,8,9,6,2,0,1,2,24,18,0,TRUE,TRUE,GSW,MIN,2010-11,2011
22010,201939,0021000998,2011-03-14T00:00:00Z,GSW @ SAC,L,24,7,14,0.5,5,8,0.625,0,0,0,0,3,3,1,1,1,3,1,19,-12,0,FALSE,FALSE,GSW,SAC,2010-11,2011
22010,201939,0021001012,2011-03-16T00:00:00Z,GSW vs. DAL,L,32,4,10,0.4,2,4,0.5,0,1,0,0,0,0,5,1,0,3,2,10,-10,0,FALSE,TRUE,GSW,DAL,2010-11,2011
22010,201939,0021001026,2011-03-18T00:00:00Z,GSW @ PHX,L,35,6,13,0.462,2,5,0.4,1,1,1,1,1,2,5,0,0,2,3,15,-18,0,FALSE,FALSE,GSW,PHX,2010-11,2011
22010,201939,0021001042,2011-03-20T00:00:00Z,GSW @ DAL,L,31,4,12,0.333,1,3,0.333,2,3,0.667,1,5,6,6,0,0,2,4,11,-8,0,FALSE,FALSE,GSW,DAL,2010-11,2011
22010,201939,0021001049,2011-03-21T00:00:00Z,GSW @ SAS,L,20,3,8,0.375,1,2,0.5,1,1,1,0,0,0,2,0,0,1,4,8,-12,0,FALSE,FALSE,GSW,SAS,2010-11,2011
22010,201939,0021001062,2011-03-23T00:00:00Z,GSW @ HOU,L,30,7,16,0.438,2,3,0.667,0,0,0,3,3,6,6,1,0,4,4,16,-14,0,FALSE,FALSE,GSW,HOU,2010-11,2011
22010,201939,0021001079,2011-03-25T00:00:00Z,GSW vs. TOR,W,36,7,13,0.538,4,6,0.667,5,5,1,0,3,3,8,0,0,3,2,23,43,0,TRUE,TRUE,GSW,TOR,2010-11,2011
22010,201939,0021001093,2011-03-27T00:00:00Z,GSW vs. WAS,W,28,3,11,0.273,1,4,0.25,3,3,1,1,4,5,4,1,1,5,5,10,11,0,TRUE,TRUE,GSW,WAS,2010-11,2011
22010,201939,0021001103,2011-03-29T00:00:00Z,GSW @ OKC,L,49,13,23,0.565,5,8,0.625,4,4,1,1,5,6,5,2,0,6,3,35,6,0,FALSE,FALSE,GSW,OKC,2010-11,2011
22010,201939,0021001112,2011-03-30T00:00:00Z,GSW @ MEM,L,31,2,14,0.143,1,6,0.167,1,1,1,4,2,6,9,1,0,6,4,6,-21,0,FALSE,FALSE,GSW,MEM,2010-11,2011
22010,201939,0021001136,2011-04-02T00:00:00Z,GSW vs. DAL,W,32,3,8,0.375,1,3,0.333,5,5,1,0,4,4,8,2,0,3,5,12,9,0,TRUE,TRUE,GSW,DAL,2010-11,2011
22010,201939,0021001160,2011-04-05T00:00:00Z,GSW @ POR,W,42,10,21,0.476,3,5,0.6,5,6,0.833,1,7,8,4,2,1,2,2,28,20,0,TRUE,FALSE,GSW,POR,2010-11,2011
22010,201939,0021001173,2011-04-06T00:00:00Z,GSW vs. LAL,W,42,8,23,0.348,2,6,0.333,2,2,1,2,4,6,5,2,0,2,3,20,2,0,TRUE,TRUE,GSW,LAL,2010-11,2011
22010,201939,0021001200,2011-04-10T00:00:00Z,GSW vs. SAC,L,32,11,17,0.647,3,6,0.5,2,2,1,3,3,6,8,1,0,3,4,27,1,0,FALSE,TRUE,GSW,SAC,2010-11,2011
22010,201939,0021001210,2011-04-11T00:00:00Z,GSW @ DEN,L,36,10,13,0.769,3,4,0.75,4,4,1,1,4,5,5,0,0,5,1,27,-8,0,FALSE,FALSE,GSW,DEN,2010-11,2011
22010,201939,0021001227,2011-04-13T00:00:00Z,GSW vs. POR,W,24,7,11,0.636,2,4,0.5,2,2,1,0,3,3,9,0,0,1,4,18,16,0,TRUE,TRUE,GSW,POR,2010-11,2011
22011,201939,0021100005,2011-12-25T00:00:00Z,GSW vs. LAC,L,33,2,12,0.167,0,4,0,0,1,0,2,3,5,4,2,2,5,4,4,-5,0,FALSE,TRUE,GSW,LAC,2011-12,2012
22011,201939,0021100017,2011-12-26T00:00:00Z,GSW vs. CHI,W,37,7,12,0.583,1,3,0.333,6,7,0.857,1,6,7,10,6,0,4,4,21,11,0,TRUE,TRUE,GSW,CHI,2011-12,2012
22011,201939,0021100056,2011-12-31T00:00:00Z,GSW vs. PHI,L,30,9,15,0.6,3,8,0.375,0,0,0,0,4,4,4,0,0,5,3,21,-22,0,FALSE,TRUE,GSW,PHI,2011-12,2012
22011,201939,0021100066,2012-01-02T00:00:00Z,GSW @ PHX,L,23,4,8,0.5,2,3,0.667,0,0,0,0,2,2,2,1,0,2,5,10,-3,0,FALSE,FALSE,GSW,PHX,2011-12,2012
22011,201939,0021100091,2012-01-04T00:00:00Z,GSW @ SAS,L,30,7,11,0.636,3,4,0.75,3,3,1,0,3,3,8,0,0,2,2,20,2,0,FALSE,FALSE,GSW,SAS,2011-12,2012
22011,201939,0021100226,2012-01-20T00:00:00Z,GSW vs. IND,L,29,5,15,0.333,2,6,0.333,0,0,0,1,1,2,3,0,0,3,2,12,-4,0,FALSE,TRUE,GSW,IND,2011-12,2012
22011,201939,0021100251,2012-01-23T00:00:00Z,GSW vs. MEM,L,36,8,18,0.444,2,7,0.286,0,0,0,3,3,6,5,3,0,5,3,18,-7,0,FALSE,TRUE,GSW,MEM,2011-12,2012
22011,201939,0021100269,2012-01-25T00:00:00Z,GSW vs. POR,W,38,12,19,0.632,6,8,0.75,2,3,0.667,0,6,6,7,4,0,1,0,32,7,0,TRUE,TRUE,GSW,POR,2011-12,2012
22011,201939,0021100284,2012-01-27T00:00:00Z,GSW vs. OKC,L,27,6,16,0.375,2,7,0.286,1,1,1,0,2,2,6,2,0,4,4,15,-9,0,FALSE,TRUE,GSW,OKC,2011-12,2012
22011,201939,0021100314,2012-01-31T00:00:00Z,GSW vs. SAC,W,26,1,7,0.143,0,3,0,1,2,0.5,0,3,3,8,1,1,0,1,3,3,0,TRUE,TRUE,GSW,SAC,2011-12,2012
22011,201939,0021100331,2012-02-02T00:00:00Z,GSW vs. UTA,W,38,10,14,0.714,2,5,0.4,7,8,0.875,0,5,5,12,3,0,3,4,29,18,0,TRUE,TRUE,GSW,UTA,2011-12,2012
22011,201939,0021100353,2012-02-04T00:00:00Z,GSW @ SAC,L,29,4,14,0.286,3,8,0.375,0,0,0,2,0,2,9,4,0,5,1,11,-11,0,FALSE,FALSE,GSW,SAC,2011-12,2012
22011,201939,0021100372,2012-02-07T00:00:00Z,GSW vs. OKC,L,43,7,9,0.778,1,2,0.5,1,2,0.5,1,6,7,10,2,0,3,3,16,13,0,FALSE,TRUE,GSW,OKC,2011-12,2012
22011,201939,0021100385,2012-02-09T00:00:00Z,GSW @ DEN,W,36,13,17,0.765,6,9,0.667,4,7,0.571,0,7,7,7,0,2,1,3,36,15,0,TRUE,FALSE,GSW,DEN,2011-12,2012
22011,201939,0021100412,2012-02-12T00:00:00Z,GSW vs. HOU,W,34,5,14,0.357,3,6,0.5,1,1,1,0,0,0,5,2,0,2,4,14,4,0,TRUE,TRUE,GSW,HOU,2011-12,2012
22011,201939,0021100419,2012-02-13T00:00:00Z,GSW vs. PHX,W,32,3,10,0.3,1,4,0.25,2,2,1,2,5,7,5,1,0,2,2,9,2,0,TRUE,TRUE,GSW,PHX,2011-12,2012
22011,201939,0021100440,2012-02-15T00:00:00Z,GSW vs. POR,L,38,3,10,0.3,0,2,0,2,2,1,1,2,3,8,2,2,2,2,8,7,0,FALSE,TRUE,GSW,POR,2011-12,2012
22011,201939,0021100453,2012-02-17T00:00:00Z,GSW @ OKC,L,28,4,13,0.308,3,5,0.6,0,0,0,1,1,2,4,0,0,4,2,11,-12,0,FALSE,FALSE,GSW,OKC,2011-12,2012
22011,201939,0021100458,2012-02-18T00:00:00Z,GSW @ MEM,L,40,13,21,0.619,6,9,0.667,4,4,1,1,1,2,6,2,0,2,5,36,9,0,FALSE,FALSE,GSW,MEM,2011-12,2012
22011,201939,0021100480,2012-02-20T00:00:00Z,GSW vs. LAC,W,33,3,6,0.5,3,5,0.6,2,2,1,0,3,3,6,0,1,3,3,11,16,0,TRUE,TRUE,GSW,LAC,2011-12,2012
22011,201939,0021100496,2012-02-22T00:00:00Z,GSW @ PHX,W,10,3,7,0.429,1,3,0.333,2,2,1,0,0,0,2,2,0,1,1,9,13,0,TRUE,FALSE,GSW,PHX,2011-12,2012
22011,201939,0021100516,2012-02-29T00:00:00Z,GSW @ ATL,W,0,0,0,0,0,0,0,0,0,0,0,0,0,0,0,0,0,0,0,2,0,TRUE,FALSE,GSW,ATL,2011-12,2012
22011,201939,0021100555,2012-03-05T00:00:00Z,GSW @ WAS,W,9,5,7,0.714,2,3,0.667,0,0,0,0,1,1,1,1,0,0,1,12,10,0,TRUE,FALSE,GSW,WAS,2011-12,2012
22011,201939,0021100581,2012-03-07T00:00:00Z,GSW vs. MEM,L,24,7,11,0.636,1,2,0.5,0,0,0,0,4,4,3,0,0,2,3,15,4,0,FALSE,TRUE,GSW,MEM,2011-12,2012
22011,201939,0021100602,2012-03-10T00:00:00Z,GSW vs. DAL,W,16,4,7,0.571,2,4,0.5,0,0,0,0,2,2,2,1,0,3,0,10,10,0,TRUE,TRUE,GSW,DAL,2011-12,2012
22011,201939,0021100610,2012-03-11T00:00:00Z,GSW @ LAC,W,9,0,3,0,0,1,0,0,0,0,0,3,3,1,0,0,1,0,0,6,0,TRUE,FALSE,GSW,LAC,2011-12,2012
22012,201939,0021200010,2012-10-31T00:00:00Z,GSW @ PHX,W,30,2,14,0.143,0,6,0,1,3,0.333,3,4,7,3,2,0,4,3,5,-2,1,TRUE,FALSE,GSW,PHX,2012-13,2013
22012,201939,0021200026,2012-11-02T00:00:00Z,GSW vs. MEM,L,43,10,20,0.5,6,10,0.6,0,1,0,1,4,5,7,1,0,4,3,26,-7,1,FALSE,TRUE,GSW,MEM,2012-13,2013
22012,201939,0021200036,2012-11-03T00:00:00Z,GSW @ LAC,W,43,6,16,0.375,2,7,0.286,9,10,0.9,0,4,4,4,3,0,5,4,23,6,1,TRUE,FALSE,GSW,LAC,2012-13,2013
22012,201939,0021200048,2012-11-05T00:00:00Z,GSW @ SAC,L,39,3,15,0.2,2,6,0.333,4,5,0.8,1,5,6,8,1,0,3,2,12,0,1,FALSE,FALSE,GSW,SAC,2012-13,2013
22012,201939,0021200065,2012-11-07T00:00:00Z,GSW vs. CLE,W,36,8,14,0.571,2,6,0.333,3,3,1,0,5,5,6,2,0,3,3,21,7,1,TRUE,TRUE,GSW,CLE,2012-13,2013
22012,201939,0021200080,2012-11-09T00:00:00Z,GSW @ LAL,L,30,6,16,0.375,2,6,0.333,4,4,1,0,3,3,5,1,0,0,0,18,-19,1,FALSE,FALSE,GSW,LAL,2012-13,2013
22012,201939,0021200089,2012-11-10T00:00:00Z,GSW vs. DEN,L,37,7,17,0.412,3,6,0.5,2,2,1,0,5,5,3,3,0,4,5,19,-5,1,FALSE,TRUE,GSW,DEN,2012-13,2013
22012,201939,0021200118,2012-11-14T00:00:00Z,GSW vs. ATL,W,33,4,12,0.333,0,5,0,4,4,1,0,1,1,7,3,0,4,3,12,1,1,TRUE,TRUE,GSW,ATL,2012-13,2013
22012,201939,0021200126,2012-11-16T00:00:00Z,GSW @ MIN,W,29,7,12,0.583,0,3,0,3,3,1,2,2,4,6,1,1,3,6,17,19,1,TRUE,FALSE,GSW,MIN,2012-13,2013
22012,201939,0021200143,2012-11-18T00:00:00Z,GSW @ OKC,L,33,9,17,0.529,4,8,0.5,0,0,0,1,1,2,6,0,0,3,2,22,-11,1,FALSE,FALSE,GSW,OKC,2012-13,2013
22012,201939,0021200151,2012-11-19T00:00:00Z,GSW @ DAL,W,43,9,21,0.429,3,7,0.429,10,10,1,0,6,6,9,2,0,4,2,31,3,1,TRUE,FALSE,GSW,DAL,2012-13,2013
22012,201939,0021200170,2012-11-21T00:00:00Z,GSW vs. BKN,W,42,7,13,0.538,2,4,0.5,9,10,0.9,0,6,6,4,0,0,2,2,25,9,1,TRUE,TRUE,GSW,BKN,2012-13,2013
22012,201939,0021200179,2012-11-23T00:00:00Z,GSW @ DEN,L,26,2,5,0.4,2,2,1,0,0,0,0,1,1,3,0,0,4,4,6,-18,1,FALSE,FALSE,GSW,DEN,2012-13,2013
22012,201939,0021200190,2012-11-24T00:00:00Z,GSW vs. MIN,W,39,7,19,0.368,5,10,0.5,1,1,1,0,2,2,6,1,0,3,3,20,22,1,TRUE,TRUE,GSW,MIN,2012-13,2013
22012,201939,0021200221,2012-11-29T00:00:00Z,GSW vs. DEN,W,45,7,17,0.412,4,7,0.571,2,2,1,1,3,4,10,4,0,3,4,20,2,1,TRUE,TRUE,GSW,DEN,2012-13,2013
22012,201939,0021200242,2012-12-01T00:00:00Z,GSW vs. IND,W,37,7,14,0.5,3,5,0.6,3,3,1,0,1,1,11,2,0,4,4,20,6,1,TRUE,TRUE,GSW,IND,2012-13,2013
22012,201939,0021200250,2012-12-03T00:00:00Z,GSW vs. ORL,L,44,9,21,0.429,3,6,0.5,4,5,0.8,1,4,5,11,2,0,1,0,25,-3,1,FALSE,TRUE,GSW,ORL,2012-13,2013
22012,201939,0021200261,2012-12-05T00:00:00Z,GSW @ DET,W,37,7,15,0.467,4,6,0.667,4,4,1,0,3,3,10,4,0,1,2,22,10,1,TRUE,FALSE,GSW,DET,2012-13,2013
22012,201939,0021200272,2012-12-07T00:00:00Z,GSW @ BKN,W,43,10,19,0.526,5,9,0.556,3,3,1,1,3,4,5,2,0,0,1,28,8,1,TRUE,FALSE,GSW,BKN,2012-13,2013
22012,201939,0021200283,2012-12-08T00:00:00Z,GSW @ WAS,W,35,7,15,0.467,2,8,0.25,6,7,0.857,1,2,3,5,0,0,4,1,22,-5,1,TRUE,FALSE,GSW,WAS,2012-13,2013
22012,201939,0021200299,2012-12-10T00:00:00Z,GSW @ CHA,W,37,10,22,0.455,4,7,0.571,3,4,0.75,1,6,7,7,1,0,3,5,27,3,1,TRUE,FALSE,GSW,CHA,2012-13,2013
22012,201939,0021200314,2012-12-12T00:00:00Z,GSW @ MIA,W,42,4,10,0.4,1,3,0.333,0,0,0,0,3,3,7,2,0,6,0,9,9,1,TRUE,FALSE,GSW,MIA,2012-13,2013
22012,201939,0021200330,2012-12-14T00:00:00Z,GSW @ ORL,L,43,8,19,0.421,2,5,0.4,7,8,0.875,1,2,3,3,0,0,1,0,25,-6,1,FALSE,FALSE,GSW,ORL,2012-13,2013
22012,201939,0021200337,2012-12-15T00:00:00Z,GSW @ ATL,W,36,6,20,0.3,3,11,0.273,3,3,1,0,8,8,11,3,0,4,1,18,20,1,TRUE,FALSE,GSW,ATL,2012-13,2013
22012,201939,0021200365,2012-12-18T00:00:00Z,GSW vs. NOH,W,39,5,13,0.385,1,3,0.333,2,2,1,2,3,5,3,0,0,2,2,13,3,1,TRUE,TRUE,GSW,NOH,2012-13,2013
22012,201939,0021200375,2012-12-19T00:00:00Z,GSW @ SAC,L,42,11,24,0.458,7,12,0.583,3,3,1,0,6,6,4,1,1,4,6,32,0,1,FALSE,FALSE,GSW,SAC,2012-13,2013
22012,201939,0021200389,2012-12-21T00:00:00Z,GSW vs. CHA,W,36,9,17,0.529,8,13,0.615,1,1,1,0,3,3,8,0,2,2,2,27,7,1,TRUE,TRUE,GSW,CHA,2012-13,2013
22012,201939,0021200398,2012-12-22T00:00:00Z,GSW vs. LAL,L,45,8,23,0.348,3,10,0.3,1,1,1,1,7,8,7,4,0,4,4,20,6,1,FALSE,TRUE,GSW,LAL,2012-13,2013
22012,201939,0021200420,2012-12-26T00:00:00Z,GSW @ UTA,W,38,7,18,0.389,4,7,0.571,5,6,0.833,2,6,8,7,1,1,2,0,23,12,1,TRUE,FALSE,GSW,UTA,2012-13,2013
22012,201939,0021200436,2012-12-28T00:00:00Z,GSW vs. PHI,W,39,5,11,0.455,1,4,0.25,0,0,0,0,5,5,6,1,0,4,3,11,7,1,TRUE,TRUE,GSW,PHI,2012-13,2013
22012,201939,0021200447,2012-12-29T00:00:00Z,GSW vs. BOS,W,35,8,13,0.615,4,5,0.8,2,2,1,1,3,4,9,3,2,5,3,22,19,1,TRUE,TRUE,GSW,BOS,2012-13,2013
22012,201939,0021200475,2013-01-02T00:00:00Z,GSW vs. LAC,W,43,11,16,0.688,6,8,0.75,3,4,0.75,1,5,6,8,2,0,4,3,31,25,1,TRUE,TRUE,GSW,LAC,2012-13,2013
22012,201939,0021200498,2013-01-05T00:00:00Z,GSW @ LAC,L,29,4,11,0.364,1,5,0.2,1,1,1,0,0,0,5,0,0,2,0,10,-31,1,FALSE,FALSE,GSW,LAC,2012-13,2013
22012,201939,0021200526,2013-01-09T00:00:00Z,GSW vs. MEM,L,41,10,22,0.455,4,8,0.5,0,1,0,1,3,4,4,2,0,4,2,24,-12,1,FALSE,TRUE,GSW,MEM,2012-13,2013
22012,201939,0021200540,2013-01-11T00:00:00Z,GSW vs. POR,W,44,7,22,0.318,3,8,0.375,5,5,1,0,3,3,12,3,1,1,1,22,-1,1,TRUE,TRUE,GSW,POR,2012-13,2013
22012,201939,0021200553,2013-01-13T00:00:00Z,GSW @ DEN,L,41,11,18,0.611,7,9,0.778,0,0,0,0,0,0,7,1,0,1,4,29,-13,1,FALSE,FALSE,GSW,DEN,2012-13,2013
22012,201939,0021200596,2013-01-19T00:00:00Z,GSW @ NOH,W,38,5,17,0.294,2,8,0.25,8,10,0.8,1,2,3,7,4,0,1,2,20,11,1,TRUE,FALSE,GSW,NOH,2012-13,2013
22012,201939,0021200610,2013-01-21T00:00:00Z,GSW vs. LAC,W,37,9,14,0.643,6,8,0.75,4,4,1,0,3,3,6,0,0,2,4,28,7,1,TRUE,TRUE,GSW,LAC,2012-13,2013
22012,201939,0021200628,2013-01-23T00:00:00Z,GSW vs. OKC,W,42,11,27,0.407,3,14,0.214,6,6,1,1,2,3,7,4,0,2,1,31,8,1,TRUE,TRUE,GSW,OKC,2012-13,2013
22012,201939,0021200636,2013-01-25T00:00:00Z,GSW @ CHI,L,37,7,18,0.389,3,7,0.429,4,4,1,0,1,1,1,0,0,2,1,21,-15,1,FALSE,FALSE,GSW,CHI,2012-13,2013
22012,201939,0021200647,2013-01-26T00:00:00Z,GSW @ MIL,L,37,8,19,0.421,5,9,0.556,5,5,1,2,0,2,7,1,0,2,2,26,-8,1,FALSE,FALSE,GSW,MIL,2012-13,2013
22012,201939,0021200659,2013-01-28T00:00:00Z,GSW @ TOR,W,26,7,12,0.583,1,3,0.333,2,2,1,1,0,1,5,1,0,2,1,17,0,1,TRUE,FALSE,GSW,TOR,2012-13,2013
22012,201939,0021200704,2013-02-02T00:00:00Z,GSW vs. PHX,W,42,11,20,0.55,6,10,0.6,1,1,1,0,2,2,8,2,0,2,3,29,28,1,TRUE,TRUE,GSW,PHX,2012-13,2013
22012,201939,0021200718,2013-02-05T00:00:00Z,GSW @ HOU,L,28,3,12,0.25,1,5,0.2,0,0,0,0,4,4,9,0,1,2,2,7,-27,1,FALSE,FALSE,GSW,HOU,2012-13,2013
22012,201939,0021200729,2013-02-06T00:00:00Z,GSW @ OKC,L,36,5,20,0.25,2,7,0.286,2,2,1,3,5,8,11,1,0,6,3,14,-8,1,FALSE,FALSE,GSW,OKC,2012-13,2013
22012,201939,0021200742,2013-02-08T00:00:00Z,GSW @ MEM,L,40,11,22,0.5,4,9,0.444,6,6,1,3,2,5,8,2,0,2,4,32,2,1,FALSE,FALSE,GSW,MEM,2012-13,2013
22012,201939,0021200750,2013-02-09T00:00:00Z,GSW @ DAL,L,31,8,23,0.348,1,3,0.333,1,1,1,3,4,7,4,1,0,5,2,18,-22,1,FALSE,FALSE,GSW,DAL,2012-13,2013
22012,201939,0021200774,2013-02-12T00:00:00Z,GSW vs. HOU,L,35,10,19,0.526,2,5,0.4,5,6,0.833,0,5,5,6,1,0,1,4,27,-3,1,FALSE,TRUE,GSW,HOU,2012-13,2013
22012,201939,0021200795,2013-02-19T00:00:00Z,GSW @ UTA,L,38,12,22,0.545,4,9,0.444,1,1,1,2,3,5,4,1,0,4,3,29,-18,1,FALSE,FALSE,GSW,UTA,2012-13,2013
22012,201939,0021200808,2013-02-20T00:00:00Z,GSW vs. PHX,W,41,8,16,0.5,2,6,0.333,2,2,1,0,3,3,11,1,0,2,1,20,16,1,TRUE,TRUE,GSW,PHX,2012-13,2013
22012,201939,0021200822,2013-02-22T00:00:00Z,GSW vs. SAS,W,45,6,17,0.353,3,9,0.333,4,5,0.8,0,4,4,6,1,0,2,2,19,0,1,TRUE,TRUE,GSW,SAS,2012-13,2013
22012,201939,0021200832,2013-02-24T00:00:00Z,GSW @ MIN,W,34,6,15,0.4,1,5,0.2,5,5,1,1,4,5,5,5,0,6,5,18,1,1,TRUE,FALSE,GSW,MIN,2012-13,2013
22012,201939,0021200844,2013-02-26T00:00:00Z,GSW @ IND,L,37,14,20,0.7,7,10,0.7,3,4,0.75,0,2,2,4,3,1,6,3,38,-12,1,FALSE,FALSE,GSW,IND,2012-13,2013
22012,201939,0021200853,2013-02-27T00:00:00Z,GSW @ NYK,L,48,18,28,0.643,11,13,0.846,7,7,1,0,6,6,7,3,0,4,3,54,-4,1,FALSE,FALSE,GSW,NYK,2012-13,2013
22012,201939,0021200867,2013-03-01T00:00:00Z,GSW @ BOS,L,42,6,22,0.273,3,11,0.273,10,10,1,0,1,1,6,1,0,4,2,25,7,1,FALSE,FALSE,GSW,BOS,2012-13,2013
22012,201939,0021200876,2013-03-02T00:00:00Z,GSW @ PHI,L,42,11,20,0.55,3,9,0.333,5,7,0.714,0,3,3,9,3,0,4,2,30,2,1,FALSE,FALSE,GSW,PHI,2012-13,2013
22012,201939,0021200895,2013-03-04T00:00:00Z,GSW vs. TOR,W,42,8,16,0.5,2,5,0.4,8,8,1,2,3,5,12,0,0,6,5,26,1,1,TRUE,TRUE,GSW,TOR,2012-13,2013
22012,201939,0021200912,2013-03-06T00:00:00Z,GSW vs. SAC,W,34,3,11,0.273,2,5,0.4,5,5,1,1,4,5,8,2,0,6,4,13,-2,1,TRUE,TRUE,GSW,SAC,2012-13,2013
22012,201939,0021200926,2013-03-08T00:00:00Z,GSW vs. HOU,L,43,8,21,0.381,3,8,0.375,5,7,0.714,1,4,5,8,1,0,1,5,24,-9,0,FALSE,TRUE,GSW,HOU,2012-13,2013
22012,201939,0021200933,2013-03-09T00:00:00Z,GSW vs. MIL,L,39,7,18,0.389,2,6,0.333,0,0,0,1,1,2,10,0,0,4,4,16,-12,1,FALSE,TRUE,GSW,MIL,2012-13,2013
22012,201939,0021200947,2013-03-11T00:00:00Z,GSW vs. NYK,W,37,9,18,0.5,6,10,0.6,2,2,1,1,5,6,3,1,0,2,1,26,26,1,TRUE,TRUE,GSW,NYK,2012-13,2013
22012,201939,0021200966,2013-03-13T00:00:00Z,GSW vs. DET,W,43,11,17,0.647,5,7,0.714,4,4,1,1,1,2,8,1,0,4,0,31,15,0,TRUE,TRUE,GSW,DET,2012-13,2013
22012,201939,0021200978,2013-03-15T00:00:00Z,GSW vs. CHI,L,30,2,13,0.154,0,5,0,4,4,1,0,0,0,4,0,0,1,2,8,-32,1,FALSE,TRUE,GSW,CHI,2012-13,2013
22012,201939,0021200988,2013-03-17T00:00:00Z,GSW @ HOU,W,45,12,22,0.545,5,11,0.455,0,0,0,0,5,5,11,2,1,3,1,29,22,1,TRUE,FALSE,GSW,HOU,2012-13,2013
22012,201939,0021201001,2013-03-18T00:00:00Z,GSW @ NOH,W,39,10,19,0.526,6,9,0.667,4,4,1,1,6,7,3,0,0,7,3,30,19,1,TRUE,FALSE,GSW,NOH,2012-13,2013
22012,201939,0021201016,2013-03-20T00:00:00Z,GSW @ SAS,L,36,8,20,0.4,4,8,0.5,4,5,0.8,1,3,4,3,2,0,3,0,24,-12,1,FALSE,FALSE,GSW,SAS,2012-13,2013
22012,201939,0021201039,2013-03-23T00:00:00Z,GSW vs. WAS,W,32,13,18,0.722,6,10,0.6,3,4,0.75,0,2,2,8,2,0,3,2,35,9,1,TRUE,TRUE,GSW,WAS,2012-13,2013
22012,201939,0021201053,2013-03-25T00:00:00Z,GSW vs. LAL,W,43,9,24,0.375,3,9,0.333,4,7,0.571,0,7,7,10,0,0,2,4,25,3,1,TRUE,TRUE,GSW,LAL,2012-13,2013
22012,201939,0021201069,2013-03-27T00:00:00Z,GSW vs. SAC,L,46,5,18,0.278,2,9,0.222,5,6,0.833,2,3,5,12,4,0,3,3,17,1,1,FALSE,TRUE,GSW,SAC,2012-13,2013
22012,201939,0021201094,2013-03-30T00:00:00Z,GSW vs. POR,W,37,14,22,0.636,7,12,0.583,4,4,1,2,3,5,6,1,0,3,2,39,15,1,TRUE,TRUE,GSW,POR,2012-13,2013
22012,201939,0021201122,2013-04-03T00:00:00Z,GSW vs. NOH,W,36,6,14,0.429,4,10,0.4,4,4,1,0,3,3,9,1,0,2,5,20,14,1,TRUE,TRUE,GSW,NOH,2012-13,2013
22012,201939,0021201134,2013-04-05T00:00:00Z,GSW @ PHX,W,41,6,15,0.4,3,8,0.375,3,3,1,0,1,1,15,4,0,4,5,18,14,1,TRUE,FALSE,GSW,PHX,2012-13,2013
22012,201939,0021201151,2013-04-07T00:00:00Z,GSW vs. UTA,L,45,8,19,0.421,4,9,0.444,2,2,1,1,3,4,5,1,0,5,3,22,-5,1,FALSE,TRUE,GSW,UTA,2012-13,2013
22012,201939,0021201163,2013-04-09T00:00:00Z,GSW vs. MIN,W,39,9,21,0.429,2,9,0.222,4,5,0.8,1,3,4,10,1,1,3,4,24,12,1,TRUE,TRUE,GSW,MIN,2012-13,2013
22012,201939,0021201175,2013-04-11T00:00:00Z,GSW vs. OKC,L,35,9,18,0.5,3,6,0.5,1,1,1,0,3,3,7,2,0,4,0,22,-9,0,FALSE,TRUE,GSW,OKC,2012-13,2013
22012,201939,0021201189,2013-04-12T00:00:00Z,GSW @ LAL,L,44,17,31,0.548,9,15,0.6,4,4,1,3,3,6,9,3,0,1,3,47,3,1,FALSE,FALSE,GSW,LAL,2012-13,2013
22012,201939,0021201212,2013-04-15T00:00:00Z,GSW vs. SAS,W,39,13,23,0.565,7,13,0.538,2,2,1,1,7,8,5,2,0,3,0,35,13,1,TRUE,TRUE,GSW,SAS,2012-13,2013
22012,201939,0021201230,2013-04-17T00:00:00Z,GSW @ POR,W,32,5,16,0.313,4,11,0.364,1,1,1,1,1,2,5,3,0,1,2,15,9,1,TRUE,FALSE,GSW,POR,2012-13,2013
22013,201939,0021300017,2013-10-30T00:00:00Z,GSW vs. LAL,W,24,4,10,0.4,2,5,0.4,0,0,0,0,4,4,6,1,0,1,4,10,28,1,TRUE,TRUE,GSW,LAL,2013-14,2014
22013,201939,0021300019,2013-10-31T00:00:00Z,GSW @ LAC,L,38,14,23,0.609,9,14,0.643,1,1,1,0,3,3,9,0,0,11,3,38,-8,1,FALSE,FALSE,GSW,LAC,2013-14,2014
22013,201939,0021300040,2013-11-02T00:00:00Z,GSW vs. SAC,W,33,8,13,0.615,5,8,0.625,1,1,1,0,1,1,12,1,0,7,4,22,18,1,TRUE,TRUE,GSW,SAC,2013-14,2014
22013,201939,0021300048,2013-11-04T00:00:00Z,GSW @ PHI,W,29,7,16,0.438,2,9,0.222,2,2,1,3,7,10,12,5,1,2,0,18,34,1,TRUE,FALSE,GSW,PHI,2013-14,2014
22013,201939,0021300067,2013-11-06T00:00:00Z,GSW @ MIN,W,24,2,8,0.25,0,3,0,1,2,0.5,0,1,1,7,1,0,1,1,5,3,1,TRUE,FALSE,GSW,MIN,2013-14,2014
22013,201939,0021300091,2013-11-09T00:00:00Z,GSW @ MEM,L,34,7,18,0.389,4,10,0.4,4,4,1,1,1,2,5,3,0,3,1,22,-9,1,FALSE,FALSE,GSW,MEM,2013-14,2014
22013,201939,0021300109,2013-11-12T00:00:00Z,GSW vs. DET,W,29,7,10,0.7,2,4,0.5,9,9,1,1,1,2,8,1,0,2,4,25,20,1,TRUE,TRUE,GSW,DET,2013-14,2014
22013,201939,0021300124,2013-11-14T00:00:00Z,GSW vs. OKC,W,43,8,22,0.364,4,8,0.5,2,3,0.667,0,5,5,9,1,0,2,4,22,-4,1,TRUE,TRUE,GSW,OKC,2013-14,2014
22013,201939,0021300145,2013-11-16T00:00:00Z,GSW vs. UTA,W,39,7,20,0.35,0,5,0,1,2,0.5,0,3,3,11,1,0,0,1,15,18,1,TRUE,TRUE,GSW,UTA,2013-14,2014
22013,201939,0021300154,2013-11-18T00:00:00Z,GSW @ UTA,W,33,7,15,0.467,4,7,0.571,4,4,1,2,4,6,8,3,0,5,4,22,22,1,TRUE,FALSE,GSW,UTA,2013-14,2014
22013,201939,0021300196,2013-11-23T00:00:00Z,GSW vs. POR,L,37,8,21,0.381,2,9,0.222,4,5,0.8,0,3,3,11,1,0,5,1,22,-6,1,FALSE,TRUE,GSW,POR,2013-14,2014
22013,201939,0021300214,2013-11-26T00:00:00Z,GSW @ NOP,W,42,7,20,0.35,2,5,0.4,0,0,0,1,7,8,9,3,1,2,2,16,-2,1,TRUE,FALSE,GSW,NOP,2013-14,2014
22013,201939,0021300225,2013-11-27T00:00:00Z,GSW @ DAL,L,42,9,19,0.474,6,10,0.6,5,5,1,0,4,4,8,1,0,6,3,29,-3,1,FALSE,FALSE,GSW,DAL,2013-14,2014
22013,201939,0021300235,2013-11-29T00:00:00Z,GSW @ OKC,L,45,13,26,0.5,4,10,0.4,2,3,0.667,2,9,11,5,0,0,3,4,32,7,1,FALSE,FALSE,GSW,OKC,2013-14,2014
22013,201939,0021300251,2013-12-01T00:00:00Z,GSW @ SAC,W,40,14,24,0.583,5,8,0.625,3,3,1,0,2,2,10,3,1,7,1,36,1,1,TRUE,FALSE,GSW,SAC,2013-14,2014
22013,201939,0021300268,2013-12-03T00:00:00Z,GSW vs. TOR,W,43,8,15,0.533,3,7,0.429,8,10,0.8,0,3,3,10,5,1,3,1,27,16,1,TRUE,TRUE,GSW,TOR,2013-14,2014
22013,201939,0021300285,2013-12-06T00:00:00Z,GSW @ HOU,L,32,5,14,0.357,1,5,0.2,11,11,1,0,1,1,5,3,0,8,4,22,-12,1,FALSE,FALSE,GSW,HOU,2013-14,2014
22013,201939,0021300293,2013-12-07T00:00:00Z,GSW @ MEM,W,45,7,16,0.438,2,7,0.286,6,7,0.857,1,5,6,15,0,1,1,4,22,21,1,TRUE,FALSE,GSW,MEM,2013-14,2014
22013,201939,0021300304,2013-12-09T00:00:00Z,GSW @ CHA,L,46,14,32,0.438,5,16,0.313,10,12,0.833,1,5,6,9,0,2,4,4,43,3,1,FALSE,FALSE,GSW,CHA,2013-14,2014
22013,201939,0021300326,2013-12-11T00:00:00Z,GSW vs. DAL,W,44,13,25,0.52,6,11,0.545,1,1,1,0,4,4,10,3,0,8,3,33,5,1,TRUE,TRUE,GSW,DAL,2013-14,2014
22013,201939,0021300341,2013-12-13T00:00:00Z,GSW vs. HOU,L,39,5,12,0.417,1,5,0.2,9,11,0.818,0,2,2,9,0,0,6,6,20,-18,1,FALSE,TRUE,GSW,HOU,2013-14,2014
22013,201939,0021300355,2013-12-15T00:00:00Z,GSW @ PHX,L,42,8,17,0.471,4,7,0.571,10,11,0.909,0,6,6,7,3,0,6,2,30,-4,1,FALSE,FALSE,GSW,PHX,2013-14,2014
22013,201939,0021300368,2013-12-17T00:00:00Z,GSW vs. NOP,W,33,11,19,0.579,2,7,0.286,4,4,1,1,3,4,11,3,0,3,3,28,22,1,TRUE,TRUE,GSW,NOP,2013-14,2014
22013,201939,0021300382,2013-12-19T00:00:00Z,GSW vs. SAS,L,40,12,28,0.429,6,16,0.375,0,0,0,0,2,2,15,4,0,5,1,30,-5,1,FALSE,TRUE,GSW,SAS,2013-14,2014
22013,201939,0021300402,2013-12-21T00:00:00Z,GSW vs. LAL,W,33,5,15,0.333,4,9,0.444,4,4,1,1,5,6,10,3,0,1,2,18,26,1,TRUE,TRUE,GSW,LAL,2013-14,2014
22013,201939,0021300415,2013-12-23T00:00:00Z,GSW @ DEN,W,35,5,14,0.357,2,3,0.667,2,4,0.5,0,3,3,7,2,1,2,4,14,8,1,TRUE,FALSE,GSW,DEN,2013-14,2014
22013,201939,0021300422,2013-12-25T00:00:00Z,GSW vs. LAC,W,42,5,17,0.294,2,6,0.333,3,3,1,1,5,6,11,1,0,2,1,15,8,1,TRUE,TRUE,GSW,LAC,2013-14,2014
22013,201939,0021300435,2013-12-27T00:00:00Z,GSW vs. PHX,W,34,5,17,0.294,1,6,0.167,3,5,0.6,3,10,13,16,1,0,7,3,14,27,1,TRUE,TRUE,GSW,PHX,2013-14,2014
22013,201939,0021300448,2013-12-29T00:00:00Z,GSW @ CLE,W,48,10,23,0.435,5,10,0.5,4,5,0.8,0,9,9,11,2,1,5,3,29,2,1,TRUE,FALSE,GSW,CLE,2013-14,2014
22013,201939,0021300462,2013-12-31T00:00:00Z,GSW @ ORL,W,30,4,10,0.4,1,5,0.2,0,0,0,0,5,5,8,0,0,6,1,9,21,1,TRUE,FALSE,GSW,ORL,2013-14,2014
22013,201939,0021300474,2014-01-02T00:00:00Z,GSW @ MIA,W,44,13,22,0.591,8,15,0.533,2,3,0.667,0,2,2,12,2,0,4,4,36,16,1,TRUE,FALSE,GSW,MIA,2013-14,2014
22013,201939,0021300483,2014-01-03T00:00:00Z,GSW @ ATL,W,35,7,15,0.467,1,7,0.143,7,8,0.875,0,8,8,9,5,0,9,5,22,12,1,TRUE,FALSE,GSW,ATL,2013-14,2014
22013,201939,0021300501,2014-01-05T00:00:00Z,GSW @ WAS,W,38,5,17,0.294,1,5,0.2,3,3,1,1,2,3,10,1,1,2,5,14,35,1,TRUE,FALSE,GSW,WAS,2013-14,2014
22013,201939,0021300515,2014-01-07T00:00:00Z,GSW @ MIL,W,36,5,18,0.278,2,11,0.182,3,4,0.75,0,0,0,6,1,0,7,2,15,11,1,TRUE,FALSE,GSW,MIL,2013-14,2014
22013,201939,0021300523,2014-01-08T00:00:00Z,GSW @ BKN,L,45,11,25,0.44,2,10,0.2,10,10,1,0,5,5,7,3,0,7,5,34,1,1,FALSE,FALSE,GSW,BKN,2013-14,2014
22013,201939,0021300541,2014-01-10T00:00:00Z,GSW vs. BOS,W,40,7,18,0.389,3,8,0.375,2,3,0.667,1,6,7,4,1,0,4,1,19,5,1,TRUE,TRUE,GSW,BOS,2013-14,2014
22013,201939,0021300576,2014-01-15T00:00:00Z,GSW vs. DEN,L,40,7,19,0.368,4,13,0.308,6,7,0.857,0,5,5,7,0,0,2,4,24,4,1,FALSE,TRUE,GSW,DEN,2013-14,2014
22013,201939,0021300592,2014-01-17T00:00:00Z,GSW @ OKC,L,38,11,18,0.611,6,10,0.6,9,11,0.818,2,1,3,11,3,0,7,2,37,-10,1,FALSE,FALSE,GSW,OKC,2013-14,2014
22013,201939,0021300599,2014-01-18T00:00:00Z,GSW @ NOP,W,38,10,22,0.455,2,9,0.222,6,6,1,1,5,6,8,4,0,0,2,28,15,1,TRUE,FALSE,GSW,NOP,2013-14,2014
22013,201939,0021300615,2014-01-20T00:00:00Z,GSW vs. IND,L,41,9,20,0.45,3,11,0.273,3,4,0.75,0,3,3,9,0,0,2,2,24,-4,1,FALSE,TRUE,GSW,IND,2013-14,2014
22013,201939,0021300645,2014-01-24T00:00:00Z,GSW vs. MIN,L,37,12,21,0.571,6,10,0.6,3,3,1,1,2,3,15,1,0,5,3,33,-3,1,FALSE,TRUE,GSW,MIN,2013-14,2014
22013,201939,0021300660,2014-01-26T00:00:00Z,GSW vs. POR,W,35,13,23,0.565,5,8,0.625,7,10,0.7,1,6,7,8,2,0,2,1,38,12,1,TRUE,TRUE,GSW,POR,2013-14,2014
22013,201939,0021300673,2014-01-28T00:00:00Z,GSW vs. WAS,L,38,8,23,0.348,2,7,0.286,5,6,0.833,0,2,2,4,4,0,6,5,23,-9,1,FALSE,TRUE,GSW,WAS,2013-14,2014
22013,201939,0021300688,2014-01-30T00:00:00Z,GSW vs. LAC,W,34,8,10,0.8,4,4,1,2,2,1,0,4,4,7,1,1,3,3,22,23,1,TRUE,TRUE,GSW,LAC,2013-14,2014
22013,201939,0021300696,2014-01-31T00:00:00Z,GSW @ UTA,W,38,14,26,0.538,8,13,0.615,8,9,0.889,0,2,2,4,0,0,2,0,44,15,1,TRUE,FALSE,GSW,UTA,2013-14,2014
22013,201939,0021300724,2014-02-04T00:00:00Z,GSW vs. CHA,L,38,8,18,0.444,1,7,0.143,0,0,0,1,2,3,11,0,0,2,2,17,-18,1,FALSE,TRUE,GSW,CHA,2013-14,2014
22013,201939,0021300738,2014-02-06T00:00:00Z,GSW vs. CHI,W,43,13,19,0.684,4,6,0.667,4,4,1,0,3,3,9,1,0,2,3,34,12,1,TRUE,TRUE,GSW,CHI,2013-14,2014
22013,201939,0021300754,2014-02-08T00:00:00Z,GSW @ PHX,L,41,10,20,0.5,3,10,0.3,5,6,0.833,1,1,2,9,0,0,2,2,28,-15,1,FALSE,FALSE,GSW,PHX,2013-14,2014
22013,201939,0021300769,2014-02-10T00:00:00Z,GSW vs. PHI,W,27,7,11,0.636,6,9,0.667,3,3,1,2,3,5,8,1,0,7,3,23,34,1,TRUE,TRUE,GSW,PHI,2013-14,2014
22013,201939,0021300788,2014-02-12T00:00:00Z,GSW vs. MIA,L,39,8,14,0.571,4,4,1,9,9,1,1,4,5,7,1,0,5,3,29,4,1,FALSE,TRUE,GSW,MIA,2013-14,2014
22013,201939,0021300810,2014-02-19T00:00:00Z,GSW @ SAC,W,36,5,14,0.357,1,4,0.25,2,3,0.667,0,1,1,8,1,0,0,2,13,12,1,TRUE,FALSE,GSW,SAC,2013-14,2014
22013,201939,0021300814,2014-02-20T00:00:00Z,GSW vs. HOU,W,38,8,15,0.533,5,8,0.625,4,4,1,0,2,2,6,2,0,2,5,25,13,1,TRUE,TRUE,GSW,HOU,2013-14,2014
22013,201939,0021300832,2014-02-22T00:00:00Z,GSW vs. BKN,W,32,7,13,0.538,3,4,0.75,0,0,0,0,5,5,8,2,0,2,2,17,12,1,TRUE,TRUE,GSW,BKN,2013-14,2014
22013,201939,0021300842,2014-02-24T00:00:00Z,GSW @ DET,W,36,6,15,0.4,3,9,0.333,4,5,0.8,3,5,8,9,0,0,4,0,19,-2,1,TRUE,FALSE,GSW,DET,2013-14,2014
22013,201939,0021300855,2014-02-26T00:00:00Z,GSW @ CHI,L,28,2,10,0.2,1,5,0.2,0,0,0,0,3,3,5,0,0,5,0,5,-12,1,FALSE,FALSE,GSW,CHI,2013-14,2014
22013,201939,0021300869,2014-02-28T00:00:00Z,GSW @ NYK,W,30,9,19,0.474,5,11,0.455,4,4,1,2,9,11,11,0,1,4,2,27,19,1,TRUE,FALSE,GSW,NYK,2013-14,2014
22013,201939,0021300884,2014-03-02T00:00:00Z,GSW @ TOR,L,43,13,27,0.481,4,11,0.364,4,6,0.667,1,3,4,7,1,0,6,3,34,-1,1,FALSE,FALSE,GSW,TOR,2013-14,2014
22013,201939,0021300899,2014-03-04T00:00:00Z,GSW @ IND,W,32,7,18,0.389,2,5,0.4,3,3,1,1,7,8,6,2,0,4,5,19,-7,1,TRUE,FALSE,GSW,IND,2013-14,2014
22013,201939,0021300907,2014-03-05T00:00:00Z,GSW @ BOS,W,22,6,10,0.6,1,4,0.25,1,1,1,0,3,3,4,1,0,0,3,14,28,1,TRUE,FALSE,GSW,BOS,2013-14,2014
22013,201939,0021300927,2014-03-07T00:00:00Z,GSW vs. ATL,W,30,5,10,0.5,1,4,0.25,2,2,1,0,3,3,7,1,0,0,1,13,10,1,TRUE,TRUE,GSW,ATL,2013-14,2014
22013,201939,0021300942,2014-03-09T00:00:00Z,GSW vs. PHX,W,30,7,16,0.438,1,5,0.2,3,3,1,0,2,2,9,0,0,1,1,18,11,1,TRUE,TRUE,GSW,PHX,2013-14,2014
22013,201939,0021300956,2014-03-11T00:00:00Z,GSW vs. DAL,W,22,4,12,0.333,1,5,0.2,1,1,1,0,2,2,4,3,0,3,1,10,-3,1,TRUE,TRUE,GSW,DAL,2013-14,2014
22013,201939,0021300967,2014-03-12T00:00:00Z,GSW @ LAC,L,29,5,11,0.455,2,5,0.4,1,1,1,1,4,5,11,1,0,4,3,13,2,1,FALSE,FALSE,GSW,LAC,2013-14,2014
22013,201939,0021300980,2014-03-14T00:00:00Z,GSW vs. CLE,L,36,8,17,0.471,5,10,0.5,6,7,0.857,0,4,4,8,3,0,4,1,27,3,1,FALSE,TRUE,GSW,CLE,2013-14,2014
22013,201939,0021300994,2014-03-16T00:00:00Z,GSW @ POR,W,40,11,24,0.458,6,12,0.5,9,9,1,0,4,4,5,1,0,5,4,37,-5,1,TRUE,FALSE,GSW,POR,2013-14,2014
22013,201939,0021301007,2014-03-18T00:00:00Z,GSW vs. ORL,W,32,9,13,0.692,3,6,0.5,2,2,1,1,2,3,5,0,0,3,1,23,21,1,TRUE,TRUE,GSW,ORL,2013-14,2014
22013,201939,0021301021,2014-03-20T00:00:00Z,GSW vs. MIL,W,38,9,14,0.643,3,5,0.6,10,10,1,1,2,3,10,1,0,4,2,31,13,1,TRUE,TRUE,GSW,MIL,2013-14,2014
22013,201939,0021301038,2014-03-22T00:00:00Z,GSW vs. SAS,L,39,5,13,0.385,1,4,0.25,9,9,1,0,6,6,6,1,0,6,0,20,-7,1,FALSE,TRUE,GSW,SAS,2013-14,2014
22013,201939,0021301086,2014-03-28T00:00:00Z,GSW vs. MEM,W,38,13,22,0.591,5,8,0.625,2,3,0.667,1,4,5,8,1,2,3,1,33,9,1,TRUE,TRUE,GSW,MEM,2013-14,2014
22013,201939,0021301098,2014-03-30T00:00:00Z,GSW vs. NYK,L,41,10,21,0.476,6,12,0.5,6,8,0.75,1,3,4,1,1,0,2,2,32,5,1,FALSE,TRUE,GSW,NYK,2013-14,2014
22013,201939,0021301112,2014-04-01T00:00:00Z,GSW @ DAL,W,43,10,17,0.588,3,8,0.375,0,0,0,1,2,3,10,2,0,1,2,23,8,1,TRUE,FALSE,GSW,DAL,2013-14,2014
22013,201939,0021301123,2014-04-02T00:00:00Z,GSW @ SAS,L,31,5,15,0.333,1,4,0.25,0,0,0,0,0,0,10,1,0,4,2,11,-19,1,FALSE,FALSE,GSW,SAS,2013-14,2014
22013,201939,0021301141,2014-04-04T00:00:00Z,GSW vs. SAC,W,29,5,12,0.417,2,5,0.4,1,1,1,1,1,2,5,1,0,1,2,13,28,1,TRUE,TRUE,GSW,SAC,2013-14,2014
22013,201939,0021301155,2014-04-06T00:00:00Z,GSW vs. UTA,W,29,12,18,0.667,5,10,0.5,2,2,1,0,1,1,16,3,0,5,2,31,31,1,TRUE,TRUE,GSW,UTA,2013-14,2014
22013,201939,0021301175,2014-04-10T00:00:00Z,GSW vs. DEN,L,34,8,19,0.421,2,7,0.286,6,6,1,0,7,7,6,4,0,2,1,24,-3,1,FALSE,TRUE,GSW,DEN,2013-14,2014
22013,201939,0021301188,2014-04-11T00:00:00Z,GSW @ LAL,W,35,12,20,0.6,4,5,0.8,2,2,1,0,10,10,12,2,0,6,3,30,13,1,TRUE,FALSE,GSW,LAL,2013-14,2014
22013,201939,0021301201,2014-04-13T00:00:00Z,GSW @ POR,L,45,16,29,0.552,7,14,0.5,8,8,1,1,0,1,5,4,0,4,3,47,6,1,FALSE,FALSE,GSW,POR,2013-14,2014
22013,201939,0021301213,2014-04-14T00:00:00Z,GSW vs. MIN,W,42,10,21,0.476,7,13,0.538,5,5,1,1,4,5,15,3,0,5,4,32,10,1,TRUE,TRUE,GSW,MIN,2013-14,2014
22014,201939,0021400014,2014-10-29T00:00:00Z,GSW @ SAC,W,37,7,17,0.412,2,9,0.222,8,9,0.889,1,9,10,5,6,0,4,5,24,20,1,TRUE,FALSE,GSW,SAC,2014-15,2015
22014,201939,0021400038,2014-11-01T00:00:00Z,GSW vs. LAL,W,34,10,19,0.526,3,8,0.375,8,8,1,0,5,5,10,3,0,2,3,31,30,1,TRUE,TRUE,GSW,LAL,2014-15,2015
22014,201939,0021400042,2014-11-02T00:00:00Z,GSW @ POR,W,31,6,18,0.333,1,5,0.2,8,8,1,1,4,5,6,2,0,3,1,21,12,1,TRUE,FALSE,GSW,POR,2014-15,2015
22014,201939,0021400068,2014-11-05T00:00:00Z,GSW vs. LAC,W,34,9,18,0.5,4,8,0.5,6,6,1,0,6,6,7,1,0,5,4,28,21,1,TRUE,TRUE,GSW,LAC,2014-15,2015
22014,201939,0021400087,2014-11-08T00:00:00Z,GSW @ HOU,W,40,13,19,0.684,6,9,0.667,2,2,1,1,8,9,5,4,0,5,2,34,13,1,TRUE,FALSE,GSW,HOU,2014-15,2015
22014,201939,0021400095,2014-11-09T00:00:00Z,GSW @ PHX,L,34,10,20,0.5,4,10,0.4,4,4,1,0,2,2,10,5,0,10,5,28,-6,1,FALSE,FALSE,GSW,PHX,2014-15,2015
22014,201939,0021400108,2014-11-11T00:00:00Z,GSW vs. SAS,L,36,7,18,0.389,0,7,0,2,2,1,0,6,6,5,0,0,3,2,16,-18,2,FALSE,TRUE,GSW,SAS,2014-15,2015
22014,201939,0021400121,2014-11-13T00:00:00Z,GSW vs. BKN,W,32,6,12,0.5,3,7,0.429,2,2,1,1,2,3,5,0,0,3,5,17,6,1,TRUE,TRUE,GSW,BKN,2014-15,2015
22014,201939,0021400140,2014-11-15T00:00:00Z,GSW vs. CHA,W,28,8,15,0.533,3,6,0.5,0,1,0,2,3,5,9,1,0,1,3,19,23,1,TRUE,TRUE,GSW,CHA,2014-15,2015
22014,201939,0021400145,2014-11-16T00:00:00Z,GSW @ LAL,W,30,10,19,0.526,5,9,0.556,5,5,1,0,4,4,15,1,0,3,0,30,27,1,TRUE,FALSE,GSW,LAL,2014-15,2015
22014,201939,0021400182,2014-11-21T00:00:00Z,GSW vs. UTA,W,25,3,9,0.333,2,6,0.333,0,0,0,0,5,5,10,2,0,4,2,8,23,1,TRUE,TRUE,GSW,UTA,2014-15,2015
22014,201939,0021400196,2014-11-23T00:00:00Z,GSW @ OKC,W,38,5,15,0.333,2,6,0.333,3,4,0.75,0,6,6,6,1,0,1,0,15,2,1,TRUE,FALSE,GSW,OKC,2014-15,2015
22014,201939,0021400206,2014-11-25T00:00:00Z,GSW @ MIA,W,37,12,19,0.632,8,11,0.727,8,9,0.889,0,6,6,7,3,1,2,2,40,28,1,TRUE,FALSE,GSW,MIA,2014-15,2015
22014,201939,0021400212,2014-11-26T00:00:00Z,GSW @ ORL,W,24,9,13,0.692,6,8,0.75,4,5,0.8,1,4,5,8,0,0,1,1,28,22,1,TRUE,FALSE,GSW,ORL,2014-15,2015
22014,201939,0021400224,2014-11-28T00:00:00Z,GSW @ CHA,W,32,9,20,0.45,1,10,0.1,7,7,1,1,3,4,6,1,2,4,4,26,16,1,TRUE,FALSE,GSW,CHA,2014-15,2015
22014,201939,0021400243,2014-11-30T00:00:00Z,GSW @ DET,W,28,5,9,0.556,1,3,0.333,5,6,0.833,1,2,3,10,1,0,1,2,16,11,1,TRUE,FALSE,GSW,DET,2014-15,2015
22014,201939,0021400262,2014-12-02T00:00:00Z,GSW vs. ORL,W,36,8,17,0.471,3,9,0.333,3,3,1,1,3,4,5,0,0,4,2,22,8,1,TRUE,TRUE,GSW,ORL,2014-15,2015
22014,201939,0021400275,2014-12-04T00:00:00Z,GSW vs. NOP,W,31,8,17,0.471,3,6,0.5,0,0,0,0,3,3,11,4,1,2,0,19,11,1,TRUE,TRUE,GSW,NOP,2014-15,2015
22014,201939,0021400289,2014-12-06T00:00:00Z,GSW @ CHI,W,36,5,14,0.357,1,5,0.2,8,9,0.889,1,5,6,7,1,0,3,2,19,7,1,TRUE,FALSE,GSW,CHI,2014-15,2015
22014,201939,0021400305,2014-12-08T00:00:00Z,GSW @ MIN,W,31,10,20,0.5,1,7,0.143,0,0,0,1,3,4,7,3,1,3,3,21,22,1,TRUE,FALSE,GSW,MIN,2014-15,2015
22014,201939,0021400324,2014-12-10T00:00:00Z,GSW vs. HOU,W,37,8,15,0.533,3,5,0.6,1,1,1,1,6,7,7,0,0,4,3,20,16,1,TRUE,TRUE,GSW,HOU,2014-15,2015
22014,201939,0021400340,2014-12-13T00:00:00Z,GSW @ DAL,W,37,9,22,0.409,3,11,0.273,8,9,0.889,0,3,3,8,2,0,1,1,29,13,1,TRUE,FALSE,GSW,DAL,2014-15,2015
22014,201939,0021400348,2014-12-14T00:00:00Z,GSW @ NOP,W,40,11,21,0.524,6,10,0.6,6,6,1,0,7,7,7,1,0,6,1,34,5,1,TRUE,FALSE,GSW,NOP,2014-15,2015
22014,201939,0021400365,2014-12-16T00:00:00Z,GSW @ MEM,L,39,9,25,0.36,1,10,0.1,0,0,0,0,7,7,6,4,0,3,2,19,16,1,FALSE,FALSE,GSW,MEM,2014-15,2015
22014,201939,0021400382,2014-12-18T00:00:00Z,GSW vs. OKC,W,42,14,24,0.583,5,12,0.417,1,1,1,4,3,7,9,4,1,4,0,34,7,1,TRUE,TRUE,GSW,OKC,2014-15,2015
22014,201939,0021400415,2014-12-22T00:00:00Z,GSW vs. SAC,W,26,5,12,0.417,1,5,0.2,1,1,1,0,2,2,11,3,0,1,1,12,15,1,TRUE,TRUE,GSW,SAC,2014-15,2015
22014,201939,0021400426,2014-12-23T00:00:00Z,GSW @ LAL,L,30,10,14,0.714,2,5,0.4,0,0,0,0,2,2,6,3,0,7,0,22,-10,1,FALSE,FALSE,GSW,LAL,2014-15,2015
22014,201939,0021400431,2014-12-25T00:00:00Z,GSW @ LAC,L,36,5,12,0.417,1,5,0.2,3,4,0.75,2,7,9,7,2,0,5,3,14,-12,1,FALSE,FALSE,GSW,LAC,2014-15,2015
22014,201939,0021400452,2014-12-27T00:00:00Z,GSW vs. MIN,W,31,9,18,0.5,4,9,0.444,3,4,0.75,1,2,3,6,3,0,3,3,25,18,1,TRUE,TRUE,GSW,MIN,2014-15,2015
22014,201939,0021400474,2014-12-30T00:00:00Z,GSW vs. PHI,W,27,4,7,0.571,3,6,0.5,2,2,1,0,3,3,9,3,0,3,3,13,28,1,TRUE,TRUE,GSW,PHI,2014-15,2015
22014,201939,0021400493,2015-01-02T00:00:00Z,GSW vs. TOR,W,34,10,18,0.556,5,11,0.455,7,7,1,2,3,5,12,1,0,0,3,32,25,1,TRUE,TRUE,GSW,TOR,2014-15,2015
22014,201939,0021400518,2015-01-05T00:00:00Z,GSW vs. OKC,W,31,7,14,0.5,1,4,0.25,4,4,1,0,9,9,6,4,0,2,2,19,15,1,TRUE,TRUE,GSW,OKC,2014-15,2015
22014,201939,0021400533,2015-01-07T00:00:00Z,GSW vs. IND,W,35,8,17,0.471,4,8,0.5,1,1,1,0,3,3,15,4,0,5,5,21,12,1,TRUE,TRUE,GSW,IND,2014-15,2015
22014,201939,0021400547,2015-01-09T00:00:00Z,GSW vs. CLE,W,35,8,15,0.533,3,8,0.375,4,4,1,0,1,1,10,2,0,1,1,23,10,1,TRUE,TRUE,GSW,CLE,2014-15,2015
22014,201939,0021400571,2015-01-13T00:00:00Z,GSW @ UTA,W,29,10,16,0.625,4,9,0.444,3,3,1,0,2,2,11,0,0,2,2,27,17,1,TRUE,FALSE,GSW,UTA,2014-15,2015
22014,201939,0021400582,2015-01-14T00:00:00Z,GSW vs. MIA,W,32,11,19,0.579,7,10,0.7,3,5,0.6,2,3,5,3,2,0,3,1,32,11,1,TRUE,TRUE,GSW,MIA,2014-15,2015
22014,201939,0021400593,2015-01-16T00:00:00Z,GSW @ OKC,L,31,6,13,0.462,2,6,0.333,5,5,1,0,3,3,6,2,0,6,2,19,-4,1,FALSE,FALSE,GSW,OKC,2014-15,2015
22014,201939,0021400603,2015-01-17T00:00:00Z,GSW @ HOU,W,33,9,18,0.5,2,8,0.25,7,8,0.875,3,4,7,11,3,1,2,0,27,25,1,TRUE,FALSE,GSW,HOU,2014-15,2015
22014,201939,0021400615,2015-01-19T00:00:00Z,GSW vs. DEN,W,25,7,13,0.538,2,5,0.4,4,4,1,1,0,1,8,1,2,1,2,20,18,1,TRUE,TRUE,GSW,DEN,2014-15,2015
22014,201939,0021400636,2015-01-21T00:00:00Z,GSW vs. HOU,W,34,7,12,0.583,3,5,0.6,5,6,0.833,2,1,3,10,1,0,6,3,22,23,1,TRUE,TRUE,GSW,HOU,2014-15,2015
22014,201939,0021400651,2015-01-23T00:00:00Z,GSW vs. SAC,W,29,3,11,0.273,2,7,0.286,2,2,1,1,3,4,11,2,0,6,0,10,20,1,TRUE,TRUE,GSW,SAC,2014-15,2015
22014,201939,0021400665,2015-01-25T00:00:00Z,GSW vs. BOS,W,33,6,16,0.375,1,5,0.2,9,9,1,0,4,4,11,2,0,3,1,22,6,1,TRUE,TRUE,GSW,BOS,2014-15,2015
22014,201939,0021400679,2015-01-27T00:00:00Z,GSW vs. CHI,L,43,9,23,0.391,2,9,0.222,1,1,1,0,4,4,9,3,0,3,3,21,-3,1,FALSE,TRUE,GSW,CHI,2014-15,2015
22014,201939,0021400703,2015-01-30T00:00:00Z,GSW @ UTA,L,34,10,22,0.455,5,11,0.455,7,9,0.778,1,6,7,6,3,0,2,1,32,-11,1,FALSE,FALSE,GSW,UTA,2014-15,2015
22014,201939,0021400715,2015-01-31T00:00:00Z,GSW vs. PHX,W,37,9,23,0.391,4,9,0.444,3,3,1,1,3,4,7,2,1,1,2,25,23,1,TRUE,TRUE,GSW,PHX,2014-15,2015
22014,201939,0021400730,2015-02-03T00:00:00Z,GSW @ SAC,W,29,6,15,0.4,2,6,0.333,9,10,0.9,0,5,5,9,3,0,2,2,23,7,1,TRUE,FALSE,GSW,SAC,2014-15,2015
22014,201939,0021400741,2015-02-04T00:00:00Z,GSW vs. DAL,W,37,16,26,0.615,10,16,0.625,9,11,0.818,0,4,4,4,1,0,3,3,51,0,1,TRUE,TRUE,GSW,DAL,2014-15,2015
22014,201939,0021400749,2015-02-06T00:00:00Z,GSW @ ATL,L,36,8,19,0.421,4,9,0.444,6,7,0.857,0,2,2,9,2,2,1,3,26,-5,1,FALSE,FALSE,GSW,ATL,2014-15,2015
22014,201939,0021400760,2015-02-07T00:00:00Z,GSW @ NYK,W,31,8,18,0.444,5,9,0.556,1,3,0.333,2,4,6,0,2,0,3,0,22,21,1,TRUE,FALSE,GSW,NYK,2014-15,2015
22014,201939,0021400775,2015-02-09T00:00:00Z,GSW @ PHI,W,32,7,20,0.35,3,12,0.25,3,4,0.75,0,5,5,6,3,0,1,2,20,0,1,TRUE,FALSE,GSW,PHI,2014-15,2015
22014,201939,0021400793,2015-02-11T00:00:00Z,GSW @ MIN,W,36,9,23,0.391,2,10,0.2,5,5,1,2,3,5,8,3,0,3,1,25,0,1,TRUE,FALSE,GSW,MIN,2014-15,2015
22014,201939,0021400814,2015-02-20T00:00:00Z,GSW vs. SAS,W,32,8,17,0.471,4,8,0.5,5,5,1,0,4,4,11,4,0,2,2,25,22,1,TRUE,TRUE,GSW,SAS,2014-15,2015
22014,201939,0021400838,2015-02-24T00:00:00Z,GSW @ WAS,W,34,11,18,0.611,5,9,0.556,5,5,1,0,0,0,8,2,0,0,1,32,1,1,TRUE,FALSE,GSW,WAS,2014-15,2015
22014,201939,0021400854,2015-02-26T00:00:00Z,GSW @ CLE,L,34,5,17,0.294,3,9,0.333,5,5,1,0,3,3,6,1,0,4,3,18,-10,1,FALSE,FALSE,GSW,CLE,2014-15,2015
22014,201939,0021400861,2015-02-27T00:00:00Z,GSW @ TOR,W,25,8,13,0.615,3,4,0.75,3,3,1,3,3,6,5,2,0,2,0,22,33,1,TRUE,FALSE,GSW,TOR,2014-15,2015
22014,201939,0021400880,2015-03-01T00:00:00Z,GSW @ BOS,W,38,14,22,0.636,5,8,0.625,4,4,1,0,4,4,5,1,0,5,1,37,8,1,TRUE,FALSE,GSW,BOS,2014-15,2015
22014,201939,0021400886,2015-03-02T00:00:00Z,GSW @ BKN,L,29,8,16,0.5,6,12,0.5,4,4,1,0,2,2,7,1,0,4,4,26,1,1,FALSE,FALSE,GSW,BKN,2014-15,2015
22014,201939,0021400907,2015-03-04T00:00:00Z,GSW vs. MIL,W,37,6,16,0.375,6,13,0.462,1,2,0.5,0,1,1,11,2,2,5,3,19,6,1,TRUE,TRUE,GSW,MIL,2014-15,2015
22014,201939,0021400922,2015-03-06T00:00:00Z,GSW vs. DAL,W,31,6,11,0.545,5,8,0.625,5,6,0.833,0,2,2,7,2,1,3,2,22,23,1,TRUE,TRUE,GSW,DAL,2014-15,2015
22014,201939,0021400932,2015-03-08T00:00:00Z,GSW vs. LAC,W,32,3,9,0.333,2,2,1,4,4,1,0,1,1,4,3,0,4,1,12,15,1,TRUE,TRUE,GSW,LAC,2014-15,2015
22014,201939,0021400944,2015-03-09T00:00:00Z,GSW @ PHX,W,36,14,24,0.583,7,13,0.538,1,2,0.5,3,3,6,5,4,0,4,3,36,23,1,TRUE,FALSE,GSW,PHX,2014-15,2015
22014,201939,0021400960,2015-03-11T00:00:00Z,GSW vs. DET,W,34,4,15,0.267,1,7,0.143,0,0,0,1,4,5,11,1,0,3,1,9,8,1,TRUE,TRUE,GSW,DET,2014-15,2015
22014,201939,0021400981,2015-03-14T00:00:00Z,GSW vs. NYK,W,27,8,15,0.533,6,10,0.6,3,3,1,0,3,3,11,3,0,1,2,25,30,1,TRUE,TRUE,GSW,NYK,2014-15,2015
22014,201939,0021400999,2015-03-16T00:00:00Z,GSW vs. LAL,W,33,5,14,0.357,2,6,0.333,7,7,1,0,4,4,9,3,0,6,2,19,-4,1,TRUE,TRUE,GSW,LAL,2014-15,2015
22014,201939,0021401014,2015-03-18T00:00:00Z,GSW vs. ATL,W,30,4,11,0.364,2,6,0.333,6,6,1,1,3,4,12,0,0,4,1,16,16,1,TRUE,TRUE,GSW,ATL,2014-15,2015
22014,201939,0021401030,2015-03-20T00:00:00Z,GSW vs. NOP,W,27,4,17,0.235,2,10,0.2,6,6,1,0,2,2,11,0,0,3,0,16,11,1,TRUE,TRUE,GSW,NOP,2014-15,2015
22014,201939,0021401036,2015-03-21T00:00:00Z,GSW vs. UTA,W,32,8,18,0.444,3,6,0.5,5,5,1,1,2,3,3,3,0,0,0,24,12,1,TRUE,TRUE,GSW,UTA,2014-15,2015
22014,201939,0021401053,2015-03-23T00:00:00Z,GSW vs. WAS,W,28,8,14,0.571,5,8,0.625,3,3,1,1,4,5,6,2,0,2,1,24,30,1,TRUE,TRUE,GSW,WAS,2014-15,2015
22014,201939,0021401059,2015-03-24T00:00:00Z,GSW @ POR,W,35,13,22,0.591,5,9,0.556,2,2,1,0,2,2,10,1,0,2,2,33,12,1,TRUE,FALSE,GSW,POR,2014-15,2015
22014,201939,0021401082,2015-03-27T00:00:00Z,GSW @ MEM,W,34,12,22,0.545,8,12,0.667,6,6,1,1,2,3,10,3,1,4,3,38,26,1,TRUE,FALSE,GSW,MEM,2014-15,2015
22014,201939,0021401089,2015-03-28T00:00:00Z,GSW @ MIL,W,30,8,13,0.615,6,9,0.667,3,3,1,0,4,4,6,1,0,6,4,25,-1,1,TRUE,FALSE,GSW,MIL,2014-15,2015
22014,201939,0021401111,2015-03-31T00:00:00Z,GSW @ LAC,W,36,8,15,0.533,4,6,0.667,7,7,1,1,0,1,4,1,0,3,3,27,-1,1,TRUE,FALSE,GSW,LAC,2014-15,2015
22014,201939,0021401126,2015-04-02T00:00:00Z,GSW vs. PHX,W,34,10,22,0.455,6,11,0.545,2,2,1,1,7,8,5,0,0,6,3,28,-1,1,TRUE,TRUE,GSW,PHX,2014-15,2015
22014,201939,0021401142,2015-04-04T00:00:00Z,GSW @ DAL,W,27,4,12,0.333,1,4,0.25,2,3,0.667,2,2,4,3,1,0,1,1,11,9,1,TRUE,FALSE,GSW,DAL,2014-15,2015
22014,201939,0021401150,2015-04-05T00:00:00Z,GSW @ SAS,L,30,9,17,0.529,5,10,0.5,1,2,0.5,0,4,4,6,1,0,4,2,24,-16,1,FALSE,FALSE,GSW,SAS,2014-15,2015
22014,201939,0021401156,2015-04-07T00:00:00Z,GSW @ NOP,L,35,9,18,0.5,5,8,0.625,2,2,1,1,5,6,9,1,0,2,3,25,4,1,FALSE,FALSE,GSW,NOP,2014-15,2015
22014,201939,0021401174,2015-04-09T00:00:00Z,GSW vs. POR,W,35,17,23,0.739,8,13,0.615,3,3,1,1,1,2,10,0,0,4,2,45,21,1,TRUE,TRUE,GSW,POR,2014-15,2015
22014,201939,0021401192,2015-04-11T00:00:00Z,GSW vs. MIN,W,35,11,21,0.524,5,11,0.455,7,8,0.875,0,4,4,7,4,0,3,1,34,17,1,TRUE,TRUE,GSW,MIN,2014-15,2015
22014,201939,0021401212,2015-04-13T00:00:00Z,GSW vs. MEM,W,29,6,10,0.6,3,6,0.5,0,0,0,0,4,4,8,1,0,3,2,15,24,1,TRUE,TRUE,GSW,MEM,2014-15,2015
22014,201939,0021401229,2015-04-15T00:00:00Z,GSW vs. DEN,W,19,4,10,0.4,2,4,0.5,0,0,0,2,2,4,7,5,0,2,1,10,14,1,TRUE,TRUE,GSW,DEN,2014-15,2015
